feed,partition,file_count,row_count,bytes
pos_transactions,ingest_date=2025-01-01,8,7068,341110
pos_transactions,ingest_date=2025-01-02,8,7323,350888
pos_transactions,ingest_date=2025-01-03,8,7413,354629
pos_transactions,ingest_date=2025-01-04,8,7406,354630
pos_transactions,ingest_date=2025-01-05,8,7454,357124
pos_transactions,ingest_date=2025-01-06,8,7483,357146
pos_transactions,ingest_date=2025-01-07,8,7358,352811
pos_transactions,ingest_date=2025-01-08,8,7564,360831
pos_transactions,ingest_date=2025-01-09,8,7488,356892
pos_transactions,ingest_date=2025-01-10,8,7384,353584
pos_transactions,ingest_date=2025-01-11,8,7383,353423
pos_transactions,ingest_date=2025-01-12,8,7627,361579
pos_transactions,ingest_date=2025-01-13,8,7472,356876
pos_transactions,ingest_date=2025-01-14,8,7387,353989
pos_transactions,ingest_date=2025-01-15,8,7312,351285
pos_transactions,ingest_date=2025-01-16,8,7438,356225
pos_transactions,ingest_date=2025-01-17,8,7394,353846
pos_transactions,ingest_date=2025-01-18,8,7483,357698
pos_transactions,ingest_date=2025-01-19,8,7514,358488
pos_transactions,ingest_date=2025-01-20,8,7536,359328
pos_transactions,ingest_date=2025-01-21,8,7448,356552
pos_transactions,ingest_date=2025-01-22,8,7382,354019
pos_transactions,ingest_date=2025-01-23,8,7467,355558
pos_transactions,ingest_date=2025-01-24,8,7433,355592
pos_transactions,ingest_date=2025-01-25,8,7651,363387
pos_transactions,ingest_date=2025-01-26,8,7481,357355
pos_transactions,ingest_date=2025-01-27,8,7507,357789
pos_transactions,ingest_date=2025-01-28,8,7516,358324
pos_transactions,ingest_date=2025-01-29,8,7590,361597
pos_transactions,ingest_date=2025-01-30,8,7588,361055
pos_transactions,ingest_date=2025-01-31,8,7284,350932
pos_transactions,ingest_date=2025-02-01,8,7477,358001
pos_transactions,ingest_date=2025-02-02,8,7587,360606
pos_transactions,ingest_date=2025-02-03,8,7550,359717
pos_transactions,ingest_date=2025-02-04,8,7511,358496
pos_transactions,ingest_date=2025-02-05,8,7358,352811
pos_transactions,ingest_date=2025-02-06,8,7314,351835
pos_transactions,ingest_date=2025-02-07,8,7475,356914
pos_transactions,ingest_date=2025-02-08,8,7309,351615
pos_transactions,ingest_date=2025-02-09,8,7546,359610
pos_transactions,ingest_date=2025-02-10,8,7350,352966
pos_transactions,ingest_date=2025-02-11,8,7397,354276
pos_transactions,ingest_date=2025-02-12,8,7472,357527
pos_transactions,ingest_date=2025-02-13,8,7511,358541
pos_transactions,ingest_date=2025-02-14,8,7403,354481
pos_transactions,ingest_date=2025-02-15,8,7505,358669
pos_transactions,ingest_date=2025-02-16,8,7473,357305
pos_transactions,ingest_date=2025-02-17,8,7520,359089
pos_transactions,ingest_date=2025-02-18,8,7464,356656
pos_transactions,ingest_date=2025-02-19,8,7491,357943
pos_transactions,ingest_date=2025-02-20,8,7481,357572
pos_transactions,ingest_date=2025-02-21,8,7480,356558
pos_transactions,ingest_date=2025-02-22,8,7609,362008
pos_transactions,ingest_date=2025-02-23,8,7644,363042
pos_transactions,ingest_date=2025-02-24,8,7564,361015
pos_transactions,ingest_date=2025-02-25,8,7486,357716
pos_transactions,ingest_date=2025-02-26,8,7443,356082
pos_transactions,ingest_date=2025-02-27,8,7284,350799
pos_transactions,ingest_date=2025-02-28,8,7560,359796
pos_transactions,ingest_date=2025-03-01,8,7307,351448
pos_transactions,ingest_date=2025-03-02,8,7470,357358
pos_transactions,ingest_date=2025-03-03,8,7583,361153
pos_transactions,ingest_date=2025-03-04,8,7441,355724
pos_transactions,ingest_date=2025-03-05,8,7529,358877
pos_transactions,ingest_date=2025-03-06,8,7448,356538
pos_transactions,ingest_date=2025-03-07,8,7431,355638
pos_transactions,ingest_date=2025-03-08,8,7578,360967
pos_transactions,ingest_date=2025-03-09,8,7315,351493
pos_transactions,ingest_date=2025-03-10,8,7525,359334
pos_transactions,ingest_date=2025-03-11,8,7428,356096
pos_transactions,ingest_date=2025-03-12,8,7318,351849
pos_transactions,ingest_date=2025-03-13,8,7364,353779
pos_transactions,ingest_date=2025-03-14,8,7371,353414
pos_transactions,ingest_date=2025-03-15,8,7623,362460
pos_transactions,ingest_date=2025-03-16,8,7514,358232
pos_transactions,ingest_date=2025-03-17,8,7554,359497
pos_transactions,ingest_date=2025-03-18,8,7375,353836
pos_transactions,ingest_date=2025-03-19,8,7527,359462
pos_transactions,ingest_date=2025-03-20,8,7429,354652
pos_transactions,ingest_date=2025-03-21,8,7471,356997
pos_transactions,ingest_date=2025-03-22,8,7304,351256
pos_transactions,ingest_date=2025-03-23,8,7717,366237
pos_transactions,ingest_date=2025-03-24,8,7532,358854
pos_transactions,ingest_date=2025-03-25,8,7424,355798
pos_transactions,ingest_date=2025-03-26,8,7549,360178
pos_transactions,ingest_date=2025-03-27,8,7562,359126
pos_transactions,ingest_date=2025-03-28,8,7355,352345
pos_transactions,ingest_date=2025-03-29,8,7549,359910
pos_transactions,ingest_date=2025-03-30,8,7459,357125
pos_transactions,ingest_date=2025-03-31,8,7508,358446
pos_transactions,ingest_date=2025-04-01,8,7474,357853
pos_transactions,ingest_date=2025-04-02,8,7502,358769
pos_transactions,ingest_date=2025-04-03,8,7372,353491
pos_transactions,ingest_date=2025-04-04,8,7548,360695
pos_transactions,ingest_date=2025-04-05,8,7453,356181
pos_transactions,ingest_date=2025-04-06,8,7467,356793
pos_transactions,ingest_date=2025-04-07,8,7514,359147
pos_transactions,ingest_date=2025-04-08,8,7662,364110
pos_transactions,ingest_date=2025-04-09,8,7455,356519
pos_transactions,ingest_date=2025-04-10,8,7324,351921
pos_transactions,ingest_date=2025-04-11,8,7398,354320
pos_transactions,ingest_date=2025-04-12,8,7417,355224
pos_transactions,ingest_date=2025-04-13,8,7547,359028
pos_transactions,ingest_date=2025-04-14,8,7273,349926
pos_transactions,ingest_date=2025-04-15,8,7481,356875
pos_transactions,ingest_date=2025-04-16,8,7465,356747
pos_transactions,ingest_date=2025-04-17,8,7444,355223
pos_transactions,ingest_date=2025-04-18,8,7559,359895
pos_transactions,ingest_date=2025-04-19,8,7550,359120
pos_transactions,ingest_date=2025-04-20,8,7462,356773
pos_transactions,ingest_date=2025-04-21,8,7498,357608
pos_transactions,ingest_date=2025-04-22,8,7386,353863
pos_transactions,ingest_date=2025-04-23,8,7522,358626
pos_transactions,ingest_date=2025-04-24,8,7512,357605
pos_transactions,ingest_date=2025-04-25,8,7407,353596
pos_transactions,ingest_date=2025-04-26,8,7384,353963
pos_transactions,ingest_date=2025-04-27,8,7518,358669
pos_transactions,ingest_date=2025-04-28,8,7683,365057
pos_transactions,ingest_date=2025-04-29,8,7617,361534
pos_transactions,ingest_date=2025-04-30,8,7538,359582
pos_transactions,ingest_date=2025-05-01,8,7556,360019
pos_transactions,ingest_date=2025-05-02,8,7410,355271
pos_transactions,ingest_date=2025-05-03,8,7485,357517
pos_transactions,ingest_date=2025-05-04,8,7399,354277
pos_transactions,ingest_date=2025-05-05,8,7536,359069
pos_transactions,ingest_date=2025-05-06,8,7488,356645
pos_transactions,ingest_date=2025-05-07,8,7522,359413
pos_transactions,ingest_date=2025-05-08,8,7346,352694
pos_transactions,ingest_date=2025-05-09,8,7356,352684
pos_transactions,ingest_date=2025-05-10,8,7499,357563
pos_transactions,ingest_date=2025-05-11,8,7432,356020
pos_transactions,ingest_date=2025-05-12,8,7565,360313
pos_transactions,ingest_date=2025-05-13,8,7601,361616
pos_transactions,ingest_date=2025-05-14,8,7284,351322
pos_transactions,ingest_date=2025-05-15,8,7562,359316
pos_transactions,ingest_date=2025-05-16,8,7487,357295
pos_transactions,ingest_date=2025-05-17,8,7415,354826
pos_transactions,ingest_date=2025-05-18,8,7480,356850
pos_transactions,ingest_date=2025-05-19,8,7367,352922
pos_transactions,ingest_date=2025-05-20,8,7560,360540
pos_transactions,ingest_date=2025-05-21,8,7333,352125
pos_transactions,ingest_date=2025-05-22,8,7573,360301
pos_transactions,ingest_date=2025-05-23,8,7456,357096
pos_transactions,ingest_date=2025-05-24,8,7426,355877
pos_transactions,ingest_date=2025-05-25,8,7604,362091
pos_transactions,ingest_date=2025-05-26,8,7606,361757
pos_transactions,ingest_date=2025-05-27,8,7460,356681
pos_transactions,ingest_date=2025-05-28,8,7465,355995
pos_transactions,ingest_date=2025-05-29,8,7527,359347
pos_transactions,ingest_date=2025-05-30,8,7487,356929
pos_transactions,ingest_date=2025-05-31,8,7527,358271
pos_transactions,ingest_date=2025-06-01,8,7512,358540
pos_transactions,ingest_date=2025-06-02,8,7588,361062
pos_transactions,ingest_date=2025-06-03,8,7434,355904
pos_transactions,ingest_date=2025-06-04,8,7420,354690
pos_transactions,ingest_date=2025-06-05,8,7497,357849
pos_transactions,ingest_date=2025-06-06,8,7479,357443
pos_transactions,ingest_date=2025-06-07,8,7578,361178
pos_transactions,ingest_date=2025-06-08,8,7451,357187
pos_transactions,ingest_date=2025-06-09,8,7641,362254
pos_transactions,ingest_date=2025-06-10,8,7427,355339
pos_transactions,ingest_date=2025-06-11,8,7556,360288
pos_transactions,ingest_date=2025-06-12,8,7454,357049
pos_transactions,ingest_date=2025-06-13,8,7481,357569
pos_transactions,ingest_date=2025-06-14,8,7547,359093
pos_transactions,ingest_date=2025-06-15,8,7520,358196
pos_transactions,ingest_date=2025-06-16,8,7316,351823
pos_transactions,ingest_date=2025-06-17,8,7652,363179
pos_transactions,ingest_date=2025-06-18,8,7524,358689
pos_transactions,ingest_date=2025-06-19,8,7617,362303
pos_transactions,ingest_date=2025-06-20,8,7483,357797
pos_transactions,ingest_date=2025-06-21,8,7422,355432
pos_transactions,ingest_date=2025-06-22,8,7422,355499
pos_transactions,ingest_date=2025-06-23,8,7657,363994
pos_transactions,ingest_date=2025-06-24,8,7581,360239
pos_transactions,ingest_date=2025-06-25,8,7414,354634
pos_transactions,ingest_date=2025-06-26,8,7482,356972
pos_transactions,ingest_date=2025-06-27,8,7464,357218
pos_transactions,ingest_date=2025-06-28,8,7459,357036
pos_transactions,ingest_date=2025-06-29,8,7263,350639
pos_transactions,ingest_date=2025-06-30,8,7319,352355
pos_transactions,ingest_date=2025-07-01,8,7431,355116
pos_transactions,ingest_date=2025-07-02,8,7391,354636
pos_transactions,ingest_date=2025-07-03,8,7550,360580
pos_transactions,ingest_date=2025-07-04,8,7386,354092
pos_transactions,ingest_date=2025-07-05,8,7401,354105
pos_transactions,ingest_date=2025-07-06,8,7398,354795
pos_transactions,ingest_date=2025-07-07,8,7430,355485
pos_transactions,ingest_date=2025-07-08,8,7464,356041
pos_transactions,ingest_date=2025-07-09,8,7351,352563
pos_transactions,ingest_date=2025-07-10,8,7580,360495
pos_transactions,ingest_date=2025-07-11,8,7545,358368
pos_transactions,ingest_date=2025-07-12,8,7419,355951
pos_transactions,ingest_date=2025-07-13,8,7400,353801
pos_transactions,ingest_date=2025-07-14,8,7538,358835
pos_transactions,ingest_date=2025-07-15,8,7681,364003
pos_transactions,ingest_date=2025-07-16,8,7408,353835
pos_transactions,ingest_date=2025-07-17,8,7445,356130
pos_transactions,ingest_date=2025-07-18,8,7570,360458
pos_transactions,ingest_date=2025-07-19,8,7660,363323
pos_transactions,ingest_date=2025-07-20,8,7510,357844
pos_transactions,ingest_date=2025-07-21,8,7565,360823
pos_transactions,ingest_date=2025-07-22,8,7457,356649
pos_transactions,ingest_date=2025-07-23,8,7611,362516
pos_transactions,ingest_date=2025-07-24,8,7489,357709
pos_transactions,ingest_date=2025-07-25,8,7629,362517
pos_transactions,ingest_date=2025-07-26,8,7522,359564
pos_transactions,ingest_date=2025-07-27,8,7452,356466
pos_transactions,ingest_date=2025-07-28,8,7597,361475
pos_transactions,ingest_date=2025-07-29,8,7463,356761
pos_transactions,ingest_date=2025-07-30,8,7559,360267
pos_transactions,ingest_date=2025-07-31,8,7465,357172
pos_transactions,ingest_date=2025-08-01,8,7423,356092
pos_transactions,ingest_date=2025-08-02,8,7457,356833
pos_transactions,ingest_date=2025-08-03,8,7504,358476
pos_transactions,ingest_date=2025-08-04,8,7313,351183
pos_transactions,ingest_date=2025-08-05,8,7538,359701
pos_transactions,ingest_date=2025-08-06,8,7500,358097
pos_transactions,ingest_date=2025-08-07,8,7457,356519
pos_transactions,ingest_date=2025-08-08,8,7421,355142
pos_transactions,ingest_date=2025-08-09,8,7390,354740
pos_transactions,ingest_date=2025-08-10,8,7410,355247
pos_transactions,ingest_date=2025-08-11,8,7443,355864
pos_transactions,ingest_date=2025-08-12,8,7581,360403
pos_transactions,ingest_date=2025-08-13,8,7421,355226
pos_transactions,ingest_date=2025-08-14,8,7252,349272
pos_transactions,ingest_date=2025-08-15,8,7425,355345
pos_transactions,ingest_date=2025-08-16,8,7530,359578
pos_transactions,ingest_date=2025-08-17,8,7268,349661
pos_transactions,ingest_date=2025-08-18,8,7524,358896
pos_transactions,ingest_date=2025-08-19,8,7559,360193
pos_transactions,ingest_date=2025-08-20,8,7389,353668
pos_transactions,ingest_date=2025-08-21,8,7598,361584
pos_transactions,ingest_date=2025-08-22,8,7420,355311
pos_transactions,ingest_date=2025-08-23,8,7427,355017
pos_transactions,ingest_date=2025-08-24,8,7458,356709
pos_transactions,ingest_date=2025-08-25,8,7428,354650
pos_transactions,ingest_date=2025-08-26,8,7413,355183
pos_transactions,ingest_date=2025-08-27,8,7647,362805
pos_transactions,ingest_date=2025-08-28,8,7461,356448
pos_transactions,ingest_date=2025-08-29,8,7546,359566
pos_transactions,ingest_date=2025-08-30,8,7490,357511
pos_transactions,ingest_date=2025-08-31,8,7397,354885
pos_transactions,ingest_date=2025-09-01,8,7486,357770
pos_transactions,ingest_date=2025-09-02,8,7535,359122
pos_transactions,ingest_date=2025-09-03,8,7411,354755
pos_transactions,ingest_date=2025-09-04,8,7526,358540
pos_transactions,ingest_date=2025-09-05,8,7369,353140
pos_transactions,ingest_date=2025-09-06,8,7523,359083
pos_transactions,ingest_date=2025-09-07,8,7440,356025
pos_transactions,ingest_date=2025-09-08,8,7719,366009
pos_transactions,ingest_date=2025-09-09,8,7443,356129
pos_transactions,ingest_date=2025-09-10,8,7440,355923
pos_transactions,ingest_date=2025-09-11,8,7443,356267
pos_transactions,ingest_date=2025-09-12,8,7505,358461
pos_transactions,ingest_date=2025-09-13,8,7500,357717
pos_transactions,ingest_date=2025-09-14,8,7406,354736
pos_transactions,ingest_date=2025-09-15,8,7339,352243
pos_transactions,ingest_date=2025-09-16,8,7492,356933
pos_transactions,ingest_date=2025-09-17,8,7510,357749
pos_transactions,ingest_date=2025-09-18,8,7578,360085
pos_transactions,ingest_date=2025-09-19,8,7476,357818
pos_transactions,ingest_date=2025-09-20,8,7393,353917
pos_transactions,ingest_date=2025-09-21,8,7563,360149
pos_transactions,ingest_date=2025-09-22,8,7530,358772
pos_transactions,ingest_date=2025-09-23,8,7447,356254
pos_transactions,ingest_date=2025-09-24,8,7496,357615
pos_transactions,ingest_date=2025-09-25,8,7563,359983
pos_transactions,ingest_date=2025-09-26,8,7388,355460
pos_transactions,ingest_date=2025-09-27,8,7453,356362
pos_transactions,ingest_date=2025-09-28,8,7519,357940
pos_transactions,ingest_date=2025-09-29,8,7495,357544
pos_transactions,ingest_date=2025-09-30,8,7622,362548
pos_transactions,ingest_date=2025-10-01,8,7553,382428
pos_transactions,ingest_date=2025-10-02,8,7359,374972
pos_transactions,ingest_date=2025-10-03,8,7404,376334
pos_transactions,ingest_date=2025-10-04,8,7514,380723
pos_transactions,ingest_date=2025-10-05,8,7474,379234
pos_transactions,ingest_date=2025-10-06,8,7504,381175
pos_transactions,ingest_date=2025-10-07,8,7382,375709
pos_transactions,ingest_date=2025-10-08,8,7414,377371
pos_transactions,ingest_date=2025-10-09,8,7422,376865
pos_transactions,ingest_date=2025-10-10,8,7540,382201
pos_transactions,ingest_date=2025-10-11,8,7474,378967
pos_transactions,ingest_date=2025-10-12,8,7453,378196
pos_transactions,ingest_date=2025-10-13,8,7567,382770
pos_transactions,ingest_date=2025-10-14,8,7525,380882
pos_transactions,ingest_date=2025-10-15,8,7589,383969
pos_transactions,ingest_date=2025-10-16,8,7517,381065
pos_transactions,ingest_date=2025-10-17,8,7518,381149
pos_transactions,ingest_date=2025-10-18,8,7493,379584
pos_transactions,ingest_date=2025-10-19,8,7409,375834
pos_transactions,ingest_date=2025-10-20,8,7352,374196
pos_transactions,ingest_date=2025-10-21,8,7509,380548
pos_transactions,ingest_date=2025-10-22,8,7379,376062
pos_transactions,ingest_date=2025-10-23,8,7521,381228
pos_transactions,ingest_date=2025-10-24,8,7558,382214
pos_transactions,ingest_date=2025-10-25,8,7488,379406
pos_transactions,ingest_date=2025-10-26,8,7355,374703
pos_transactions,ingest_date=2025-10-27,8,7560,382010
pos_transactions,ingest_date=2025-10-28,8,7554,381949
pos_transactions,ingest_date=2025-10-29,8,7467,378544
pos_transactions,ingest_date=2025-10-30,8,7634,384850
pos_transactions,ingest_date=2025-10-31,8,7444,378317
pos_transactions,ingest_date=2025-11-01,8,7514,381429
pos_transactions,ingest_date=2025-11-02,8,7383,376076
pos_transactions,ingest_date=2025-11-03,8,7525,381487
pos_transactions,ingest_date=2025-11-04,8,7485,378474
pos_transactions,ingest_date=2025-11-05,8,7239,369764
pos_transactions,ingest_date=2025-11-06,8,7408,376559
pos_transactions,ingest_date=2025-11-07,8,7529,381574
pos_transactions,ingest_date=2025-11-08,8,7318,372652
pos_transactions,ingest_date=2025-11-09,8,7368,374269
pos_transactions,ingest_date=2025-11-10,8,7423,377394
pos_transactions,ingest_date=2025-11-11,8,7413,376564
pos_transactions,ingest_date=2025-11-12,8,7477,379902
pos_transactions,ingest_date=2025-11-13,8,7575,383302
pos_transactions,ingest_date=2025-11-14,8,7404,375960
pos_transactions,ingest_date=2025-11-15,8,7542,380935
pos_transactions,ingest_date=2025-11-16,8,7513,380120
pos_transactions,ingest_date=2025-11-17,8,7509,381371
pos_transactions,ingest_date=2025-11-18,8,7518,380730
pos_transactions,ingest_date=2025-11-19,8,7280,371543
pos_transactions,ingest_date=2025-11-20,8,7500,380350
pos_transactions,ingest_date=2025-11-21,8,7530,380709
pos_transactions,ingest_date=2025-11-22,8,7409,376539
pos_transactions,ingest_date=2025-11-23,8,7568,382643
pos_transactions,ingest_date=2025-11-24,8,7435,378733
pos_transactions,ingest_date=2025-11-25,8,7366,375193
pos_transactions,ingest_date=2025-11-26,8,7382,375831
pos_transactions,ingest_date=2025-11-27,8,7478,379554
pos_transactions,ingest_date=2025-11-28,8,7453,377911
pos_transactions,ingest_date=2025-11-29,8,7713,388117
pos_transactions,ingest_date=2025-11-30,8,7352,375199
pos_transactions,ingest_date=2025-12-01,8,7573,383464
pos_transactions,ingest_date=2025-12-02,8,7540,382107
pos_transactions,ingest_date=2025-12-03,8,7510,380788
pos_transactions,ingest_date=2025-12-04,8,7616,385202
pos_transactions,ingest_date=2025-12-05,8,7710,388137
pos_transactions,ingest_date=2025-12-06,8,7472,379449
pos_transactions,ingest_date=2025-12-07,8,7620,384600
pos_transactions,ingest_date=2025-12-08,8,7433,377187
pos_transactions,ingest_date=2025-12-09,8,7343,373916
pos_transactions,ingest_date=2025-12-10,8,7526,381968
pos_transactions,ingest_date=2025-12-11,8,7486,380280
pos_transactions,ingest_date=2025-12-12,8,7280,372230
pos_transactions,ingest_date=2025-12-13,8,7513,380035
pos_transactions,ingest_date=2025-12-14,8,7384,375606
pos_transactions,ingest_date=2025-12-15,8,7578,383551
pos_transactions,ingest_date=2025-12-16,8,7529,381281
pos_transactions,ingest_date=2025-12-17,8,7536,381613
pos_transactions,ingest_date=2025-12-18,8,7374,375274
pos_transactions,ingest_date=2025-12-19,8,7407,376891
pos_transactions,ingest_date=2025-12-20,8,7404,377060
pos_transactions,ingest_date=2025-12-21,8,7460,378756
pos_transactions,ingest_date=2025-12-22,8,7490,379477
pos_transactions,ingest_date=2025-12-23,8,7405,376849
pos_transactions,ingest_date=2025-12-24,8,7519,380665
pos_transactions,ingest_date=2025-12-25,8,7463,378820
pos_transactions,ingest_date=2025-12-26,8,7391,376696
pos_transactions,ingest_date=2025-12-27,8,7432,378312
pos_transactions,ingest_date=2025-12-28,8,7610,384444
pos_transactions,ingest_date=2025-12-29,8,7391,376134
pos_transactions,ingest_date=2025-12-30,8,7428,376275
pos_transactions,ingest_date=2025-12-31,8,7482,380373
pos_transactions,ingest_date=2026-01-01,8,7422,378252
pos_transactions,ingest_date=2026-01-02,8,7393,376670
pos_transactions,ingest_date=2026-01-03,8,7471,379787
pos_transactions,ingest_date=2026-01-04,8,7475,379589
pos_transactions,ingest_date=2026-01-05,8,7440,378887
pos_transactions,ingest_date=2026-01-06,8,7580,382263
pos_transactions,ingest_date=2026-01-07,8,7402,376547
pos_transactions,ingest_date=2026-01-08,8,7512,381258
pos_transactions,ingest_date=2026-01-09,8,7460,379225
pos_transactions,ingest_date=2026-01-10,8,7368,375479
pos_transactions,ingest_date=2026-01-11,8,7652,384998
pos_transactions,ingest_date=2026-01-12,8,7593,383981
pos_transactions,ingest_date=2026-01-13,8,7618,383933
pos_transactions,ingest_date=2026-01-14,8,7332,373673
pos_transactions,ingest_date=2026-01-15,8,7293,371993
pos_transactions,ingest_date=2026-01-16,8,7534,381827
pos_transactions,ingest_date=2026-01-17,8,7454,378803
pos_transactions,ingest_date=2026-01-18,8,7361,374322
pos_transactions,ingest_date=2026-01-19,8,7541,381404
pos_transactions,ingest_date=2026-01-20,8,7511,380653
pos_transactions,ingest_date=2026-01-21,8,7520,380416
pos_transactions,ingest_date=2026-01-22,8,7521,381530
pos_transactions,ingest_date=2026-01-23,8,7508,380245
pos_transactions,ingest_date=2026-01-24,8,7549,382241
pos_transactions,ingest_date=2026-01-25,8,7464,379033
pos_transactions,ingest_date=2026-01-26,8,7481,379778
pos_transactions,ingest_date=2026-01-27,8,7407,376333
pos_transactions,ingest_date=2026-01-28,8,7424,377242
pos_transactions,ingest_date=2026-01-29,8,7575,382058
pos_transactions,ingest_date=2026-01-30,8,7566,382581
pos_transactions,ingest_date=2026-01-31,8,7391,376398
pos_transactions,ingest_date=2026-02-01,8,7287,372265
pos_transactions,ingest_date=2026-02-02,8,7534,381228
pos_transactions,ingest_date=2026-02-03,8,7334,374039
pos_transactions,ingest_date=2026-02-04,8,7434,377140
pos_transactions,ingest_date=2026-02-05,8,7529,381210
pos_transactions,ingest_date=2026-02-06,8,7577,383019
pos_transactions,ingest_date=2026-02-07,8,7573,383014
pos_transactions,ingest_date=2026-02-08,8,7347,374960
pos_transactions,ingest_date=2026-02-09,8,7539,380944
pos_transactions,ingest_date=2026-02-10,8,7589,383526
pos_transactions,ingest_date=2026-02-11,8,7399,376658
pos_transactions,ingest_date=2026-02-12,8,7531,381667
pos_transactions,ingest_date=2026-02-13,8,7439,377201
pos_transactions,ingest_date=2026-02-14,8,7424,377087
pos_transactions,ingest_date=2026-02-15,8,7564,383096
pos_transactions,ingest_date=2026-02-16,8,7353,374090
pos_transactions,ingest_date=2026-02-17,8,7563,382387
pos_transactions,ingest_date=2026-02-18,8,7577,382899
pos_transactions,ingest_date=2026-02-19,8,7484,379944
pos_transactions,ingest_date=2026-02-20,8,7404,376629
pos_transactions,ingest_date=2026-02-21,8,7495,380173
pos_transactions,ingest_date=2026-02-22,8,7573,382808
pos_transactions,ingest_date=2026-02-23,8,7447,378555
pos_transactions,ingest_date=2026-02-24,8,7421,376832
pos_transactions,ingest_date=2026-02-25,8,7541,381562
pos_transactions,ingest_date=2026-02-26,8,7575,382728
pos_transactions,ingest_date=2026-02-27,8,7571,382633
pos_transactions,ingest_date=2026-02-28,8,7389,376126
pos_transactions,ingest_date=2026-03-01,8,7364,375703
pos_transactions,ingest_date=2026-03-02,8,7668,386836
pos_transactions,ingest_date=2026-03-03,8,7502,380189
pos_transactions,ingest_date=2026-03-04,8,7318,373635
pos_transactions,ingest_date=2026-03-05,8,7407,377612
pos_transactions,ingest_date=2026-03-06,8,7345,373256
pos_transactions,ingest_date=2026-03-07,8,7514,381163
pos_transactions,ingest_date=2026-03-08,8,7513,380338
pos_transactions,ingest_date=2026-03-09,8,7468,379676
pos_transactions,ingest_date=2026-03-10,8,7609,383821
pos_transactions,ingest_date=2026-03-11,8,7651,385123
pos_transactions,ingest_date=2026-03-12,8,7620,384650
pos_transactions,ingest_date=2026-03-13,8,7557,382558
pos_transactions,ingest_date=2026-03-14,8,7404,376115
pos_transactions,ingest_date=2026-03-15,8,7716,388118
pos_transactions,ingest_date=2026-03-16,8,7411,377449
pos_transactions,ingest_date=2026-03-17,8,7463,378186
pos_transactions,ingest_date=2026-03-18,8,7463,378404
pos_transactions,ingest_date=2026-03-19,8,7314,373470
pos_transactions,ingest_date=2026-03-20,8,7322,373482
pos_transactions,ingest_date=2026-03-21,8,7471,379589
pos_transactions,ingest_date=2026-03-22,8,7472,378599
pos_transactions,ingest_date=2026-03-23,8,7401,377023
pos_transactions,ingest_date=2026-03-24,8,7546,382135
pos_transactions,ingest_date=2026-03-25,8,7296,373054
pos_transactions,ingest_date=2026-03-26,8,7517,380984
pos_transactions,ingest_date=2026-03-27,8,7497,380473
pos_transactions,ingest_date=2026-03-28,8,7305,373004
pos_transactions,ingest_date=2026-03-29,8,7459,378940
pos_transactions,ingest_date=2026-03-30,8,7523,380972
pos_transactions,ingest_date=2026-03-31,8,7580,382626
pos_transactions,ingest_date=2026-04-01,8,7336,374177
pos_transactions,ingest_date=2026-04-02,8,7496,379671
pos_transactions,ingest_date=2026-04-03,8,7474,379298
pos_transactions,ingest_date=2026-04-04,8,7495,378597
pos_transactions,ingest_date=2026-04-05,8,7357,375495
pos_transactions,ingest_date=2026-04-06,8,7526,381012
pos_transactions,ingest_date=2026-04-07,8,7531,381582
pos_transactions,ingest_date=2026-04-08,8,7521,381338
pos_transactions,ingest_date=2026-04-09,8,7535,380786
pos_transactions,ingest_date=2026-04-10,8,7467,378652
pos_transactions,ingest_date=2026-04-11,8,7618,384465
pos_transactions,ingest_date=2026-04-12,8,7497,380217
pos_transactions,ingest_date=2026-04-13,8,7434,377608
pos_transactions,ingest_date=2026-04-14,8,7501,380590
pos_transactions,ingest_date=2026-04-15,8,7511,380543
pos_transactions,ingest_date=2026-04-16,8,7430,376771
pos_transactions,ingest_date=2026-04-17,8,7495,380010
pos_transactions,ingest_date=2026-04-18,8,7629,384940
pos_transactions,ingest_date=2026-04-19,8,7531,382009
pos_transactions,ingest_date=2026-04-20,8,7399,376997
pos_transactions,ingest_date=2026-04-21,8,7603,384003
pos_transactions,ingest_date=2026-04-22,8,7495,379880
pos_transactions,ingest_date=2026-04-23,8,7395,376917
pos_transactions,ingest_date=2026-04-24,8,7446,377544
pos_transactions,ingest_date=2026-04-25,8,7572,382796
pos_transactions,ingest_date=2026-04-26,8,7500,380144
pos_transactions,ingest_date=2026-04-27,8,7548,381655
pos_transactions,ingest_date=2026-04-28,8,7606,383781
pos_transactions,ingest_date=2026-04-29,8,7487,379868
pos_transactions,ingest_date=2026-04-30,8,7499,379567
pos_transactions,ingest_date=2026-05-01,8,7683,387394
pos_transactions,ingest_date=2026-05-02,8,7514,380765
pos_transactions,ingest_date=2026-05-03,8,7613,383543
pos_transactions,ingest_date=2026-05-04,8,7493,379718
pos_transactions,ingest_date=2026-05-05,8,7421,376562
pos_transactions,ingest_date=2026-05-06,8,7543,381854
pos_transactions,ingest_date=2026-05-07,8,7468,378672
pos_transactions,ingest_date=2026-05-08,8,7375,375411
pos_transactions,ingest_date=2026-05-09,8,7369,375400
pos_transactions,ingest_date=2026-05-10,8,7483,379272
pos_transactions,ingest_date=2026-05-11,8,7357,374635
pos_transactions,ingest_date=2026-05-12,8,7593,383003
pos_transactions,ingest_date=2026-05-13,8,7454,378123
pos_transactions,ingest_date=2026-05-14,8,7570,382125
pos_transactions,ingest_date=2026-05-15,8,7660,386201
pos_transactions,ingest_date=2026-05-16,8,7578,382412
pos_transactions,ingest_date=2026-05-17,8,7491,379505
pos_transactions,ingest_date=2026-05-18,8,7415,377606
pos_transactions,ingest_date=2026-05-19,8,7537,382516
pos_transactions,ingest_date=2026-05-20,8,7463,378731
pos_transactions,ingest_date=2026-05-21,8,7636,384795
pos_transactions,ingest_date=2026-05-22,8,7452,379382
pos_transactions,ingest_date=2026-05-23,8,7577,382509
pos_transactions,ingest_date=2026-05-24,8,7417,376662
pos_transactions,ingest_date=2026-05-25,8,7535,382057
pos_transactions,ingest_date=2026-05-26,8,7570,383138
pos_transactions,ingest_date=2026-05-27,8,7514,380620
pos_transactions,ingest_date=2026-05-28,8,7475,379878
pos_transactions,ingest_date=2026-05-29,8,7497,379767
pos_transactions,ingest_date=2026-05-30,8,7465,378645
pos_transactions,ingest_date=2026-05-31,8,7522,381031
pos_transactions,ingest_date=2026-06-01,8,7524,381788
pos_transactions,ingest_date=2026-06-02,8,7550,382699
pos_transactions,ingest_date=2026-06-03,8,7493,380197
pos_transactions,ingest_date=2026-06-04,8,7473,379311
pos_transactions,ingest_date=2026-06-05,8,7556,382663
pos_transactions,ingest_date=2026-06-06,8,7424,376658
pos_transactions,ingest_date=2026-06-07,8,7607,384129
pos_transactions,ingest_date=2026-06-08,8,7507,379975
pos_transactions,ingest_date=2026-06-09,8,7441,378173
pos_transactions,ingest_date=2026-06-10,8,7367,375838
pos_transactions,ingest_date=2026-06-11,8,7451,378814
pos_transactions,ingest_date=2026-06-12,8,7494,380218
pos_transactions,ingest_date=2026-06-13,8,7492,379531
pos_transactions,ingest_date=2026-06-14,8,7527,380879
pos_transactions,ingest_date=2026-06-15,8,7395,377649
pos_transactions,ingest_date=2026-06-16,8,7633,385566
pos_transactions,ingest_date=2026-06-17,8,7449,378705
pos_transactions,ingest_date=2026-06-18,8,7473,378948
pos_transactions,ingest_date=2026-06-19,8,7531,380795
pos_transactions,ingest_date=2026-06-20,8,7658,386048
pos_transactions,ingest_date=2026-06-21,8,7416,377222
pos_transactions,ingest_date=2026-06-22,8,7527,381181
pos_transactions,ingest_date=2026-06-23,8,7497,380143
pos_transactions,ingest_date=2026-06-24,8,7351,374644
pos_transactions,ingest_date=2026-06-25,8,7472,378231
pos_transactions,ingest_date=2026-06-26,8,7551,381121
pos_transactions,ingest_date=2026-06-27,8,7401,376509
pos_transactions,ingest_date=2026-06-28,8,7542,381813
pos_transactions,ingest_date=2026-06-29,8,7401,376492
pos_transactions,ingest_date=2026-06-30,8,8039,401030
reefer_telemetry,dt=2025-01-01,8,6761,333674
reefer_telemetry,dt=2025-01-02,8,6776,333558
reefer_telemetry,dt=2025-01-03,8,6813,335439
reefer_telemetry,dt=2025-01-04,8,6843,337147
reefer_telemetry,dt=2025-01-05,8,6911,338662
reefer_telemetry,dt=2025-01-06,8,6714,331599
reefer_telemetry,dt=2025-01-07,8,7044,342686
reefer_telemetry,dt=2025-01-08,8,6843,336359
reefer_telemetry,dt=2025-01-09,8,6822,334807
reefer_telemetry,dt=2025-01-10,8,6874,337778
reefer_telemetry,dt=2025-01-11,8,6774,334058
reefer_telemetry,dt=2025-01-12,8,6815,335730
reefer_telemetry,dt=2025-01-13,8,6710,331833
reefer_telemetry,dt=2025-01-14,8,6932,338868
reefer_telemetry,dt=2025-01-15,8,6816,335173
reefer_telemetry,dt=2025-01-16,8,6774,333172
reefer_telemetry,dt=2025-01-17,8,6784,333894
reefer_telemetry,dt=2025-01-18,8,6769,333703
reefer_telemetry,dt=2025-01-19,8,6863,337053
reefer_telemetry,dt=2025-01-20,8,6897,338402
reefer_telemetry,dt=2025-01-21,8,6744,332891
reefer_telemetry,dt=2025-01-22,8,6841,337281
reefer_telemetry,dt=2025-01-23,8,6857,337082
reefer_telemetry,dt=2025-01-24,8,6715,332416
reefer_telemetry,dt=2025-01-25,8,6889,336808
reefer_telemetry,dt=2025-01-26,8,6773,334758
reefer_telemetry,dt=2025-01-27,8,6870,338093
reefer_telemetry,dt=2025-01-28,8,6854,337098
reefer_telemetry,dt=2025-01-29,8,6703,331189
reefer_telemetry,dt=2025-01-30,8,6848,337039
reefer_telemetry,dt=2025-01-31,8,6838,335485
reefer_telemetry,dt=2025-02-01,8,6906,336796
reefer_telemetry,dt=2025-02-02,8,6853,336992
reefer_telemetry,dt=2025-02-03,8,6717,332808
reefer_telemetry,dt=2025-02-04,8,6728,333375
reefer_telemetry,dt=2025-02-05,8,6728,333314
reefer_telemetry,dt=2025-02-06,8,6848,336422
reefer_telemetry,dt=2025-02-07,8,6848,336238
reefer_telemetry,dt=2025-02-08,8,6778,333560
reefer_telemetry,dt=2025-02-09,8,6890,337835
reefer_telemetry,dt=2025-02-10,8,6953,338705
reefer_telemetry,dt=2025-02-11,8,6849,336073
reefer_telemetry,dt=2025-02-12,8,6868,337665
reefer_telemetry,dt=2025-02-13,8,6763,333239
reefer_telemetry,dt=2025-02-14,8,6726,332319
reefer_telemetry,dt=2025-02-15,8,6842,336870
reefer_telemetry,dt=2025-02-16,8,6984,340135
reefer_telemetry,dt=2025-02-17,8,6799,335108
reefer_telemetry,dt=2025-02-18,8,6796,334995
reefer_telemetry,dt=2025-02-19,8,6711,331883
reefer_telemetry,dt=2025-02-20,8,6876,336806
reefer_telemetry,dt=2025-02-21,8,6741,331855
reefer_telemetry,dt=2025-02-22,8,6907,338509
reefer_telemetry,dt=2025-02-23,8,6823,336379
reefer_telemetry,dt=2025-02-24,8,6723,332667
reefer_telemetry,dt=2025-02-25,8,6694,330959
reefer_telemetry,dt=2025-02-26,8,6844,335432
reefer_telemetry,dt=2025-02-27,8,6803,335281
reefer_telemetry,dt=2025-02-28,8,6912,338587
reefer_telemetry,dt=2025-03-01,8,6779,333517
reefer_telemetry,dt=2025-03-02,8,6861,337444
reefer_telemetry,dt=2025-03-03,8,6800,334986
reefer_telemetry,dt=2025-03-04,8,6865,336844
reefer_telemetry,dt=2025-03-05,8,6794,335292
reefer_telemetry,dt=2025-03-06,8,6915,337891
reefer_telemetry,dt=2025-03-07,8,6746,333128
reefer_telemetry,dt=2025-03-08,8,6909,338671
reefer_telemetry,dt=2025-03-09,8,6621,329275
reefer_telemetry,dt=2025-03-10,8,6860,336123
reefer_telemetry,dt=2025-03-11,8,6979,340669
reefer_telemetry,dt=2025-03-12,8,6732,332722
reefer_telemetry,dt=2025-03-13,8,6818,335110
reefer_telemetry,dt=2025-03-14,8,6935,339628
reefer_telemetry,dt=2025-03-15,8,6850,336583
reefer_telemetry,dt=2025-03-16,8,6877,336648
reefer_telemetry,dt=2025-03-17,8,6801,335376
reefer_telemetry,dt=2025-03-18,8,6890,337278
reefer_telemetry,dt=2025-03-19,8,6788,334878
reefer_telemetry,dt=2025-03-20,8,6753,332752
reefer_telemetry,dt=2025-03-21,8,6755,334273
reefer_telemetry,dt=2025-03-22,8,6832,337069
reefer_telemetry,dt=2025-03-23,8,6834,336000
reefer_telemetry,dt=2025-03-24,8,6897,338018
reefer_telemetry,dt=2025-03-25,8,6687,331161
reefer_telemetry,dt=2025-03-26,8,6834,336639
reefer_telemetry,dt=2025-03-27,8,6973,340810
reefer_telemetry,dt=2025-03-28,8,6860,336392
reefer_telemetry,dt=2025-03-29,8,6633,329980
reefer_telemetry,dt=2025-03-30,8,6804,334713
reefer_telemetry,dt=2025-03-31,8,6789,335138
reefer_telemetry,dt=2025-04-01,8,6792,334691
reefer_telemetry,dt=2025-04-02,8,6715,331833
reefer_telemetry,dt=2025-04-03,8,6761,334193
reefer_telemetry,dt=2025-04-04,8,6778,335051
reefer_telemetry,dt=2025-04-05,8,6944,339503
reefer_telemetry,dt=2025-04-06,8,6869,337137
reefer_telemetry,dt=2025-04-07,8,6650,329723
reefer_telemetry,dt=2025-04-08,8,6690,331200
reefer_telemetry,dt=2025-04-09,8,6882,337258
reefer_telemetry,dt=2025-04-10,8,6805,334794
reefer_telemetry,dt=2025-04-11,8,6851,336508
reefer_telemetry,dt=2025-04-12,8,6710,331847
reefer_telemetry,dt=2025-04-13,8,6693,331041
reefer_telemetry,dt=2025-04-14,8,6849,337729
reefer_telemetry,dt=2025-04-15,8,6709,332306
reefer_telemetry,dt=2025-04-16,8,6763,334262
reefer_telemetry,dt=2025-04-17,8,6726,332837
reefer_telemetry,dt=2025-04-18,8,6732,332564
reefer_telemetry,dt=2025-04-19,8,6819,334815
reefer_telemetry,dt=2025-04-20,8,6647,329439
reefer_telemetry,dt=2025-04-21,8,6795,334366
reefer_telemetry,dt=2025-04-22,8,6856,336909
reefer_telemetry,dt=2025-04-23,8,6881,337216
reefer_telemetry,dt=2025-04-24,8,6835,335796
reefer_telemetry,dt=2025-04-25,8,7025,342185
reefer_telemetry,dt=2025-04-26,8,6925,337936
reefer_telemetry,dt=2025-04-27,8,6735,333409
reefer_telemetry,dt=2025-04-28,8,6742,333255
reefer_telemetry,dt=2025-04-29,8,6800,334377
reefer_telemetry,dt=2025-04-30,8,6837,336133
reefer_telemetry,dt=2025-05-01,8,6991,340534
reefer_telemetry,dt=2025-05-02,8,6672,329460
reefer_telemetry,dt=2025-05-03,8,6895,337573
reefer_telemetry,dt=2025-05-04,8,6770,334414
reefer_telemetry,dt=2025-05-05,8,6857,337015
reefer_telemetry,dt=2025-05-06,8,6834,335991
reefer_telemetry,dt=2025-05-07,8,6675,330784
reefer_telemetry,dt=2025-05-08,8,6799,334864
reefer_telemetry,dt=2025-05-09,8,6779,333893
reefer_telemetry,dt=2025-05-10,8,6818,335091
reefer_telemetry,dt=2025-05-11,8,6759,333564
reefer_telemetry,dt=2025-05-12,8,6690,330718
reefer_telemetry,dt=2025-05-13,8,6706,331233
reefer_telemetry,dt=2025-05-14,8,6842,336190
reefer_telemetry,dt=2025-05-15,8,6844,335804
reefer_telemetry,dt=2025-05-16,8,6669,330223
reefer_telemetry,dt=2025-05-17,8,6706,331642
reefer_telemetry,dt=2025-05-18,8,7051,343033
reefer_telemetry,dt=2025-05-19,8,6812,335410
reefer_telemetry,dt=2025-05-20,8,6934,339245
reefer_telemetry,dt=2025-05-21,8,7010,341251
reefer_telemetry,dt=2025-05-22,8,6803,335629
reefer_telemetry,dt=2025-05-23,8,6734,332286
reefer_telemetry,dt=2025-05-24,8,6775,334644
reefer_telemetry,dt=2025-05-25,8,6681,330672
reefer_telemetry,dt=2025-05-26,8,6728,332929
reefer_telemetry,dt=2025-05-27,8,6712,331466
reefer_telemetry,dt=2025-05-28,8,6984,340877
reefer_telemetry,dt=2025-05-29,8,6595,327266
reefer_telemetry,dt=2025-05-30,8,6710,332228
reefer_telemetry,dt=2025-05-31,8,6801,334699
reefer_telemetry,dt=2025-06-01,8,6765,333660
reefer_telemetry,dt=2025-06-02,8,6691,330664
reefer_telemetry,dt=2025-06-03,8,6740,333518
reefer_telemetry,dt=2025-06-04,8,6678,330311
reefer_telemetry,dt=2025-06-05,8,6846,336026
reefer_telemetry,dt=2025-06-06,8,6788,334130
reefer_telemetry,dt=2025-06-07,8,6681,330981
reefer_telemetry,dt=2025-06-08,8,6830,336044
reefer_telemetry,dt=2025-06-09,8,6764,333796
reefer_telemetry,dt=2025-06-10,8,6762,332657
reefer_telemetry,dt=2025-06-11,8,6767,332890
reefer_telemetry,dt=2025-06-12,8,6683,330814
reefer_telemetry,dt=2025-06-13,8,6821,335259
reefer_telemetry,dt=2025-06-14,8,6695,332221
reefer_telemetry,dt=2025-06-15,8,6663,329865
reefer_telemetry,dt=2025-06-16,8,6762,333817
reefer_telemetry,dt=2025-06-17,8,6759,332485
reefer_telemetry,dt=2025-06-18,8,6722,331515
reefer_telemetry,dt=2025-06-19,8,6790,334654
reefer_telemetry,dt=2025-06-20,8,6717,332216
reefer_telemetry,dt=2025-06-21,8,6714,331778
reefer_telemetry,dt=2025-06-22,8,6842,335901
reefer_telemetry,dt=2025-06-23,8,6787,334262
reefer_telemetry,dt=2025-06-24,8,6869,337191
reefer_telemetry,dt=2025-06-25,8,6725,332516
reefer_telemetry,dt=2025-06-26,8,6946,339595
reefer_telemetry,dt=2025-06-27,8,6883,337537
reefer_telemetry,dt=2025-06-28,8,6726,332624
reefer_telemetry,dt=2025-06-29,8,6682,330849
reefer_telemetry,dt=2025-06-30,8,6768,334308
reefer_telemetry,dt=2025-07-01,8,6858,336059
reefer_telemetry,dt=2025-07-02,8,6876,337303
reefer_telemetry,dt=2025-07-03,8,6783,333705
reefer_telemetry,dt=2025-07-04,8,6949,339425
reefer_telemetry,dt=2025-07-05,8,6806,334563
reefer_telemetry,dt=2025-07-06,8,6770,333924
reefer_telemetry,dt=2025-07-07,8,6701,331954
reefer_telemetry,dt=2025-07-08,8,6767,334341
reefer_telemetry,dt=2025-07-09,8,6736,332826
reefer_telemetry,dt=2025-07-10,8,6766,332990
reefer_telemetry,dt=2025-07-11,8,6853,336742
reefer_telemetry,dt=2025-07-12,8,6845,335124
reefer_telemetry,dt=2025-07-13,8,6683,330800
reefer_telemetry,dt=2025-07-14,8,6724,332122
reefer_telemetry,dt=2025-07-15,8,6771,334243
reefer_telemetry,dt=2025-07-16,8,6780,334130
reefer_telemetry,dt=2025-07-17,8,6930,339878
reefer_telemetry,dt=2025-07-18,8,6955,340612
reefer_telemetry,dt=2025-07-19,8,6928,338589
reefer_telemetry,dt=2025-07-20,8,6839,336254
reefer_telemetry,dt=2025-07-21,8,6875,337654
reefer_telemetry,dt=2025-07-22,8,6896,337142
reefer_telemetry,dt=2025-07-23,8,6715,331219
reefer_telemetry,dt=2025-07-24,8,6825,334460
reefer_telemetry,dt=2025-07-25,8,6755,332939
reefer_telemetry,dt=2025-07-26,8,6762,333948
reefer_telemetry,dt=2025-07-27,8,6903,337571
reefer_telemetry,dt=2025-07-28,8,6860,336395
reefer_telemetry,dt=2025-07-29,8,6742,333101
reefer_telemetry,dt=2025-07-30,8,6769,333052
reefer_telemetry,dt=2025-07-31,8,6719,331311
reefer_telemetry,dt=2025-08-01,8,6709,331567
reefer_telemetry,dt=2025-08-02,8,6752,333157
reefer_telemetry,dt=2025-08-03,8,6917,337890
reefer_telemetry,dt=2025-08-04,8,6802,334017
reefer_telemetry,dt=2025-08-05,8,6898,338126
reefer_telemetry,dt=2025-08-06,8,6828,336063
reefer_telemetry,dt=2025-08-07,8,6842,336334
reefer_telemetry,dt=2025-08-08,8,6857,337678
reefer_telemetry,dt=2025-08-09,8,6848,336610
reefer_telemetry,dt=2025-08-10,8,6849,336363
reefer_telemetry,dt=2025-08-11,8,6675,330316
reefer_telemetry,dt=2025-08-12,8,6739,332139
reefer_telemetry,dt=2025-08-13,8,6825,336485
reefer_telemetry,dt=2025-08-14,8,6741,332247
reefer_telemetry,dt=2025-08-15,8,6885,337478
reefer_telemetry,dt=2025-08-16,8,6672,330877
reefer_telemetry,dt=2025-08-17,8,6714,332916
reefer_telemetry,dt=2025-08-18,8,6842,335862
reefer_telemetry,dt=2025-08-19,8,6850,336749
reefer_telemetry,dt=2025-08-20,8,6661,329910
reefer_telemetry,dt=2025-08-21,8,6694,330815
reefer_telemetry,dt=2025-08-22,8,6872,337236
reefer_telemetry,dt=2025-08-23,8,6666,331052
reefer_telemetry,dt=2025-08-24,8,6794,334294
reefer_telemetry,dt=2025-08-25,8,6682,330521
reefer_telemetry,dt=2025-08-26,8,6754,333380
reefer_telemetry,dt=2025-08-27,8,6832,335990
reefer_telemetry,dt=2025-08-28,8,6735,332578
reefer_telemetry,dt=2025-08-29,8,6732,332446
reefer_telemetry,dt=2025-08-30,8,6758,332748
reefer_telemetry,dt=2025-08-31,8,6692,331869
reefer_telemetry,dt=2025-09-01,8,6888,337263
reefer_telemetry,dt=2025-09-02,8,6809,336271
reefer_telemetry,dt=2025-09-03,8,6877,337290
reefer_telemetry,dt=2025-09-04,8,6703,330743
reefer_telemetry,dt=2025-09-05,8,6751,333334
reefer_telemetry,dt=2025-09-06,8,6833,335611
reefer_telemetry,dt=2025-09-07,8,6655,329874
reefer_telemetry,dt=2025-09-08,8,6697,331424
reefer_telemetry,dt=2025-09-09,8,6877,337792
reefer_telemetry,dt=2025-09-10,8,6813,335497
reefer_telemetry,dt=2025-09-11,8,6839,335944
reefer_telemetry,dt=2025-09-12,8,6800,335266
reefer_telemetry,dt=2025-09-13,8,6774,333628
reefer_telemetry,dt=2025-09-14,8,6864,338032
reefer_telemetry,dt=2025-09-15,8,6560,327499
reefer_telemetry,dt=2025-09-16,8,6888,338412
reefer_telemetry,dt=2025-09-17,8,6905,337278
reefer_telemetry,dt=2025-09-18,8,6876,337884
reefer_telemetry,dt=2025-09-19,8,6723,332476
reefer_telemetry,dt=2025-09-20,8,6732,331954
reefer_telemetry,dt=2025-09-21,8,6810,335314
reefer_telemetry,dt=2025-09-22,8,6819,334475
reefer_telemetry,dt=2025-09-23,8,6824,335813
reefer_telemetry,dt=2025-09-24,8,6802,334846
reefer_telemetry,dt=2025-09-25,8,6828,334599
reefer_telemetry,dt=2025-09-26,8,7016,342547
reefer_telemetry,dt=2025-09-27,8,6719,332653
reefer_telemetry,dt=2025-09-28,8,6802,334723
reefer_telemetry,dt=2025-09-29,8,6743,332818
reefer_telemetry,dt=2025-09-30,8,6809,334299
reefer_telemetry,dt=2025-10-01,8,6782,333717
reefer_telemetry,dt=2025-10-02,8,6857,337427
reefer_telemetry,dt=2025-10-03,8,6809,335689
reefer_telemetry,dt=2025-10-04,8,6737,332954
reefer_telemetry,dt=2025-10-05,8,6797,335420
reefer_telemetry,dt=2025-10-06,8,6693,331436
reefer_telemetry,dt=2025-10-07,8,6794,334209
reefer_telemetry,dt=2025-10-08,8,6827,335625
reefer_telemetry,dt=2025-10-09,8,6886,337915
reefer_telemetry,dt=2025-10-10,8,6698,330993
reefer_telemetry,dt=2025-10-11,8,6826,335573
reefer_telemetry,dt=2025-10-12,8,6819,335159
reefer_telemetry,dt=2025-10-13,8,6799,334769
reefer_telemetry,dt=2025-10-14,8,6961,339543
reefer_telemetry,dt=2025-10-15,8,6782,334329
reefer_telemetry,dt=2025-10-16,8,6840,336714
reefer_telemetry,dt=2025-10-17,8,6715,331737
reefer_telemetry,dt=2025-10-18,8,6794,335011
reefer_telemetry,dt=2025-10-19,8,6915,338944
reefer_telemetry,dt=2025-10-20,8,6760,333856
reefer_telemetry,dt=2025-10-21,8,6710,332012
reefer_telemetry,dt=2025-10-22,8,6949,339958
reefer_telemetry,dt=2025-10-23,8,6705,331649
reefer_telemetry,dt=2025-10-24,8,6897,338007
reefer_telemetry,dt=2025-10-25,8,6900,338879
reefer_telemetry,dt=2025-10-26,8,6799,333805
reefer_telemetry,dt=2025-10-27,8,6733,332702
reefer_telemetry,dt=2025-10-28,8,6682,330936
reefer_telemetry,dt=2025-10-29,8,6761,332784
reefer_telemetry,dt=2025-10-30,8,6747,332429
reefer_telemetry,dt=2025-10-31,8,6961,339731
reefer_telemetry,dt=2025-11-01,8,6866,336582
reefer_telemetry,dt=2025-11-02,8,6732,332697
reefer_telemetry,dt=2025-11-03,8,6924,339084
reefer_telemetry,dt=2025-11-04,8,6737,332914
reefer_telemetry,dt=2025-11-05,8,6835,335991
reefer_telemetry,dt=2025-11-06,8,6781,334346
reefer_telemetry,dt=2025-11-07,8,6983,341266
reefer_telemetry,dt=2025-11-08,8,6799,335130
reefer_telemetry,dt=2025-11-09,8,6710,331459
reefer_telemetry,dt=2025-11-10,8,6917,338816
reefer_telemetry,dt=2025-11-11,8,6615,328175
reefer_telemetry,dt=2025-11-12,8,6794,334853
reefer_telemetry,dt=2025-11-13,8,6787,334292
reefer_telemetry,dt=2025-11-14,8,6793,334922
reefer_telemetry,dt=2025-11-15,8,6677,331010
reefer_telemetry,dt=2025-11-16,8,6869,337787
reefer_telemetry,dt=2025-11-17,8,6806,334580
reefer_telemetry,dt=2025-11-18,8,6819,335874
reefer_telemetry,dt=2025-11-19,8,6707,331125
reefer_telemetry,dt=2025-11-20,8,6974,340075
reefer_telemetry,dt=2025-11-21,8,6746,332519
reefer_telemetry,dt=2025-11-22,8,6789,334180
reefer_telemetry,dt=2025-11-23,8,6771,334043
reefer_telemetry,dt=2025-11-24,8,6901,337792
reefer_telemetry,dt=2025-11-25,8,6744,333282
reefer_telemetry,dt=2025-11-26,8,6790,334668
reefer_telemetry,dt=2025-11-27,8,6830,336525
reefer_telemetry,dt=2025-11-28,8,6867,336699
reefer_telemetry,dt=2025-11-29,8,6650,330578
reefer_telemetry,dt=2025-11-30,8,6834,335769
reefer_telemetry,dt=2025-12-01,8,6697,331383
reefer_telemetry,dt=2025-12-02,8,6749,332378
reefer_telemetry,dt=2025-12-03,8,6936,338809
reefer_telemetry,dt=2025-12-04,8,6875,337344
reefer_telemetry,dt=2025-12-05,8,6865,337483
reefer_telemetry,dt=2025-12-06,8,6740,331947
reefer_telemetry,dt=2025-12-07,8,6834,336250
reefer_telemetry,dt=2025-12-08,8,6777,333395
reefer_telemetry,dt=2025-12-09,8,6754,333977
reefer_telemetry,dt=2025-12-10,8,6722,332067
reefer_telemetry,dt=2025-12-11,8,6823,335969
reefer_telemetry,dt=2025-12-12,8,6796,335381
reefer_telemetry,dt=2025-12-13,8,6724,332594
reefer_telemetry,dt=2025-12-14,8,6807,334502
reefer_telemetry,dt=2025-12-15,8,6956,339803
reefer_telemetry,dt=2025-12-16,8,6778,333576
reefer_telemetry,dt=2025-12-17,8,6895,338511
reefer_telemetry,dt=2025-12-18,8,6705,331275
reefer_telemetry,dt=2025-12-19,8,6946,340128
reefer_telemetry,dt=2025-12-20,8,6848,335181
reefer_telemetry,dt=2025-12-21,8,6860,336019
reefer_telemetry,dt=2025-12-22,8,6839,336529
reefer_telemetry,dt=2025-12-23,8,6949,339815
reefer_telemetry,dt=2025-12-24,8,6575,326638
reefer_telemetry,dt=2025-12-25,8,6855,336494
reefer_telemetry,dt=2025-12-26,8,6958,339644
reefer_telemetry,dt=2025-12-27,8,6811,335068
reefer_telemetry,dt=2025-12-28,8,6867,335651
reefer_telemetry,dt=2025-12-29,8,6778,333973
reefer_telemetry,dt=2025-12-30,8,6888,337631
reefer_telemetry,dt=2025-12-31,8,6820,335875
reefer_telemetry,dt=2026-01-01,8,7027,341273
reefer_telemetry,dt=2026-01-02,8,6794,335013
reefer_telemetry,dt=2026-01-03,8,6775,333898
reefer_telemetry,dt=2026-01-04,8,7007,341275
reefer_telemetry,dt=2026-01-05,8,6771,333566
reefer_telemetry,dt=2026-01-06,8,6750,333461
reefer_telemetry,dt=2026-01-07,8,6846,336516
reefer_telemetry,dt=2026-01-08,8,6895,338586
reefer_telemetry,dt=2026-01-09,8,6784,334283
reefer_telemetry,dt=2026-01-10,8,6672,330283
reefer_telemetry,dt=2026-01-11,8,6540,326606
reefer_telemetry,dt=2026-01-12,8,6746,333083
reefer_telemetry,dt=2026-01-13,8,6787,335216
reefer_telemetry,dt=2026-01-14,8,6797,335403
reefer_telemetry,dt=2026-01-15,8,6897,337601
reefer_telemetry,dt=2026-01-16,8,6849,336959
reefer_telemetry,dt=2026-01-17,8,6769,333313
reefer_telemetry,dt=2026-01-18,8,6827,336256
reefer_telemetry,dt=2026-01-19,8,6823,335945
reefer_telemetry,dt=2026-01-20,8,6646,329129
reefer_telemetry,dt=2026-01-21,8,6861,336505
reefer_telemetry,dt=2026-01-22,8,6850,337080
reefer_telemetry,dt=2026-01-23,8,6917,338535
reefer_telemetry,dt=2026-01-24,8,6800,334865
reefer_telemetry,dt=2026-01-25,8,6828,336295
reefer_telemetry,dt=2026-01-26,8,6705,331173
reefer_telemetry,dt=2026-01-27,8,6699,331376
reefer_telemetry,dt=2026-01-28,8,6854,336449
reefer_telemetry,dt=2026-01-29,8,6841,336598
reefer_telemetry,dt=2026-01-30,8,6917,338853
reefer_telemetry,dt=2026-01-31,8,6803,335738
reefer_telemetry,dt=2026-02-01,8,6869,337144
reefer_telemetry,dt=2026-02-02,8,6888,338006
reefer_telemetry,dt=2026-02-03,8,6722,332102
reefer_telemetry,dt=2026-02-04,8,6795,334192
reefer_telemetry,dt=2026-02-05,8,6859,337148
reefer_telemetry,dt=2026-02-06,8,6665,329887
reefer_telemetry,dt=2026-02-07,8,6812,335425
reefer_telemetry,dt=2026-02-08,8,6849,336021
reefer_telemetry,dt=2026-02-09,8,6681,330261
reefer_telemetry,dt=2026-02-10,8,6795,333821
reefer_telemetry,dt=2026-02-11,8,6630,328840
reefer_telemetry,dt=2026-02-12,8,6500,324537
reefer_telemetry,dt=2026-02-13,8,6846,337035
reefer_telemetry,dt=2026-02-14,8,6781,334226
reefer_telemetry,dt=2026-02-15,8,6916,339403
reefer_telemetry,dt=2026-02-16,8,6886,337264
reefer_telemetry,dt=2026-02-17,8,6660,330182
reefer_telemetry,dt=2026-02-18,8,6813,335462
reefer_telemetry,dt=2026-02-19,8,6838,335999
reefer_telemetry,dt=2026-02-20,8,6907,338485
reefer_telemetry,dt=2026-02-21,8,6777,333874
reefer_telemetry,dt=2026-02-22,8,6851,335832
reefer_telemetry,dt=2026-02-23,8,6861,337111
reefer_telemetry,dt=2026-02-24,8,6959,340031
reefer_telemetry,dt=2026-02-25,8,6783,334100
reefer_telemetry,dt=2026-02-26,8,6781,335527
reefer_telemetry,dt=2026-02-27,8,6867,336635
reefer_telemetry,dt=2026-02-28,8,6790,334534
reefer_telemetry,dt=2026-03-01,8,6746,332790
reefer_telemetry,dt=2026-03-02,8,6716,331963
reefer_telemetry,dt=2026-03-03,8,6717,332152
reefer_telemetry,dt=2026-03-04,8,6640,329587
reefer_telemetry,dt=2026-03-05,8,6736,333715
reefer_telemetry,dt=2026-03-06,8,6749,333429
reefer_telemetry,dt=2026-03-07,8,6827,335175
reefer_telemetry,dt=2026-03-08,8,6893,337740
reefer_telemetry,dt=2026-03-09,8,7010,342244
reefer_telemetry,dt=2026-03-10,8,6640,329617
reefer_telemetry,dt=2026-03-11,8,6803,334450
reefer_telemetry,dt=2026-03-12,8,6773,333062
reefer_telemetry,dt=2026-03-13,8,6867,337474
reefer_telemetry,dt=2026-03-14,8,6620,328520
reefer_telemetry,dt=2026-03-15,8,6795,335080
reefer_telemetry,dt=2026-03-16,8,6727,332141
reefer_telemetry,dt=2026-03-17,8,6854,336882
reefer_telemetry,dt=2026-03-18,8,6902,338752
reefer_telemetry,dt=2026-03-19,8,6910,337811
reefer_telemetry,dt=2026-03-20,8,6948,338850
reefer_telemetry,dt=2026-03-21,8,6823,334484
reefer_telemetry,dt=2026-03-22,8,6805,334954
reefer_telemetry,dt=2026-03-23,8,6843,335773
reefer_telemetry,dt=2026-03-24,8,6769,333949
reefer_telemetry,dt=2026-03-25,8,6904,338361
reefer_telemetry,dt=2026-03-26,8,6848,336980
reefer_telemetry,dt=2026-03-27,8,6715,332036
reefer_telemetry,dt=2026-03-28,8,6899,338289
reefer_telemetry,dt=2026-03-29,8,6644,329590
reefer_telemetry,dt=2026-03-30,8,6889,337418
reefer_telemetry,dt=2026-03-31,8,6693,330841
reefer_telemetry,dt=2026-04-01,8,6844,335550
reefer_telemetry,dt=2026-04-02,8,6911,338606
reefer_telemetry,dt=2026-04-03,8,6793,334107
reefer_telemetry,dt=2026-04-04,8,6853,336527
reefer_telemetry,dt=2026-04-05,8,6930,339309
reefer_telemetry,dt=2026-04-06,8,6844,336164
reefer_telemetry,dt=2026-04-07,8,6772,332796
reefer_telemetry,dt=2026-04-08,8,6757,333528
reefer_telemetry,dt=2026-04-09,8,6803,335042
reefer_telemetry,dt=2026-04-10,8,6934,339988
reefer_telemetry,dt=2026-04-11,8,6916,337530
reefer_telemetry,dt=2026-04-12,8,6757,334258
reefer_telemetry,dt=2026-04-13,8,6847,335316
reefer_telemetry,dt=2026-04-14,8,6903,338938
reefer_telemetry,dt=2026-04-15,8,6621,328388
reefer_telemetry,dt=2026-04-16,8,6659,330045
reefer_telemetry,dt=2026-04-17,8,6897,337934
reefer_telemetry,dt=2026-04-18,8,6747,332835
reefer_telemetry,dt=2026-04-19,8,6882,337194
reefer_telemetry,dt=2026-04-20,8,6796,334922
reefer_telemetry,dt=2026-04-21,8,6827,335612
reefer_telemetry,dt=2026-04-22,8,6624,328531
reefer_telemetry,dt=2026-04-23,8,6780,334219
reefer_telemetry,dt=2026-04-24,8,6818,334352
reefer_telemetry,dt=2026-04-25,8,6695,331035
reefer_telemetry,dt=2026-04-26,8,6891,337497
reefer_telemetry,dt=2026-04-27,8,6695,330436
reefer_telemetry,dt=2026-04-28,8,6732,332110
reefer_telemetry,dt=2026-04-29,8,6868,337566
reefer_telemetry,dt=2026-04-30,8,6832,336097
reefer_telemetry,dt=2026-05-01,8,6676,330138
reefer_telemetry,dt=2026-05-02,8,6933,338135
reefer_telemetry,dt=2026-05-03,8,6880,336824
reefer_telemetry,dt=2026-05-04,8,6821,335539
reefer_telemetry,dt=2026-05-05,8,6750,333007
reefer_telemetry,dt=2026-05-06,8,6836,336334
reefer_telemetry,dt=2026-05-07,8,6880,337187
reefer_telemetry,dt=2026-05-08,8,6786,334131
reefer_telemetry,dt=2026-05-09,8,6694,330842
reefer_telemetry,dt=2026-05-10,8,6900,337687
reefer_telemetry,dt=2026-05-11,8,6973,340453
reefer_telemetry,dt=2026-05-12,8,6819,335051
reefer_telemetry,dt=2026-05-13,8,6812,334404
reefer_telemetry,dt=2026-05-14,8,6715,331076
reefer_telemetry,dt=2026-05-15,8,6904,338779
reefer_telemetry,dt=2026-05-16,8,6712,331424
reefer_telemetry,dt=2026-05-17,8,6923,339246
reefer_telemetry,dt=2026-05-18,8,6734,333058
reefer_telemetry,dt=2026-05-19,8,6755,333328
reefer_telemetry,dt=2026-05-20,8,6858,336878
reefer_telemetry,dt=2026-05-21,8,6742,332515
reefer_telemetry,dt=2026-05-22,8,6912,338016
reefer_telemetry,dt=2026-05-23,8,6866,337255
reefer_telemetry,dt=2026-05-24,8,6918,338750
reefer_telemetry,dt=2026-05-25,8,6733,333586
reefer_telemetry,dt=2026-05-26,8,6827,334722
reefer_telemetry,dt=2026-05-27,8,6843,336240
reefer_telemetry,dt=2026-05-28,8,6690,331103
reefer_telemetry,dt=2026-05-29,8,6787,334489
reefer_telemetry,dt=2026-05-30,8,6821,334777
reefer_telemetry,dt=2026-05-31,8,6799,334594
reefer_telemetry,dt=2026-06-01,8,6791,334668
reefer_telemetry,dt=2026-06-02,8,6843,336240
reefer_telemetry,dt=2026-06-03,8,7008,341709
reefer_telemetry,dt=2026-06-04,8,6701,330341
reefer_telemetry,dt=2026-06-05,8,6660,329566
reefer_telemetry,dt=2026-06-06,8,6809,334772
reefer_telemetry,dt=2026-06-07,8,6842,336084
reefer_telemetry,dt=2026-06-08,8,6777,334227
reefer_telemetry,dt=2026-06-09,8,6786,334758
reefer_telemetry,dt=2026-06-10,8,6720,332378
reefer_telemetry,dt=2026-06-11,8,6830,335466
reefer_telemetry,dt=2026-06-12,8,6727,332571
reefer_telemetry,dt=2026-06-13,8,6710,332016
reefer_telemetry,dt=2026-06-14,8,6822,335083
reefer_telemetry,dt=2026-06-15,8,6787,334307
reefer_telemetry,dt=2026-06-16,8,6798,334566
reefer_telemetry,dt=2026-06-17,8,6888,336994
reefer_telemetry,dt=2026-06-18,8,6970,341251
reefer_telemetry,dt=2026-06-19,8,6759,333625
reefer_telemetry,dt=2026-06-20,8,6863,337145
reefer_telemetry,dt=2026-06-21,8,6759,333869
reefer_telemetry,dt=2026-06-22,8,6827,336117
reefer_telemetry,dt=2026-06-23,8,6734,332009
reefer_telemetry,dt=2026-06-24,8,6912,338448
reefer_telemetry,dt=2026-06-25,8,7009,342226
reefer_telemetry,dt=2026-06-26,8,6741,332649
reefer_telemetry,dt=2026-06-27,8,6844,335994
reefer_telemetry,dt=2026-06-28,8,6786,335231
reefer_telemetry,dt=2026-06-29,8,6817,335733
reefer_telemetry,dt=2026-06-30,8,6792,335188
wms_scan_events,dt=2025-01-01,4,2683,121910
wms_scan_events,dt=2025-01-02,4,2761,124265
wms_scan_events,dt=2025-01-03,4,2723,123379
wms_scan_events,dt=2025-01-04,4,2723,123206
wms_scan_events,dt=2025-01-05,4,2783,125172
wms_scan_events,dt=2025-01-06,4,2770,124711
wms_scan_events,dt=2025-01-07,4,2688,121857
wms_scan_events,dt=2025-01-08,4,2738,123644
wms_scan_events,dt=2025-01-09,4,2767,124813
wms_scan_events,dt=2025-01-10,4,2745,124096
wms_scan_events,dt=2025-01-11,4,2731,123525
wms_scan_events,dt=2025-01-12,4,2733,123745
wms_scan_events,dt=2025-01-13,4,2689,122032
wms_scan_events,dt=2025-01-14,4,2769,124707
wms_scan_events,dt=2025-01-15,4,2737,123408
wms_scan_events,dt=2025-01-16,4,2750,124291
wms_scan_events,dt=2025-01-17,4,2690,122093
wms_scan_events,dt=2025-01-18,4,2796,125746
wms_scan_events,dt=2025-01-19,4,2836,126637
wms_scan_events,dt=2025-01-20,4,2817,126313
wms_scan_events,dt=2025-01-21,4,2722,123200
wms_scan_events,dt=2025-01-22,4,2766,124604
wms_scan_events,dt=2025-01-23,4,2712,122857
wms_scan_events,dt=2025-01-24,4,2603,119273
wms_scan_events,dt=2025-01-25,4,2760,124333
wms_scan_events,dt=2025-01-26,4,2752,124300
wms_scan_events,dt=2025-01-27,4,2692,122546
wms_scan_events,dt=2025-01-28,4,2691,122088
wms_scan_events,dt=2025-01-29,4,2786,125232
wms_scan_events,dt=2025-01-30,4,2730,123532
wms_scan_events,dt=2025-01-31,4,2717,123027
wms_scan_events,dt=2025-02-01,4,2691,121985
wms_scan_events,dt=2025-02-02,4,2768,124729
wms_scan_events,dt=2025-02-03,4,2686,121934
wms_scan_events,dt=2025-02-04,4,2823,126294
wms_scan_events,dt=2025-02-05,4,2638,120488
wms_scan_events,dt=2025-02-06,4,2779,124993
wms_scan_events,dt=2025-02-07,4,2738,123619
wms_scan_events,dt=2025-02-08,4,2836,126795
wms_scan_events,dt=2025-02-09,4,2665,121275
wms_scan_events,dt=2025-02-10,4,2772,124869
wms_scan_events,dt=2025-02-11,4,2804,125759
wms_scan_events,dt=2025-02-12,4,2747,124233
wms_scan_events,dt=2025-02-13,4,2768,124590
wms_scan_events,dt=2025-02-14,4,2709,122838
wms_scan_events,dt=2025-02-15,4,2755,124029
wms_scan_events,dt=2025-02-16,4,2754,124202
wms_scan_events,dt=2025-02-17,4,2687,121932
wms_scan_events,dt=2025-02-18,4,2839,127015
wms_scan_events,dt=2025-02-19,4,2731,123550
wms_scan_events,dt=2025-02-20,4,2884,128857
wms_scan_events,dt=2025-02-21,4,2708,122537
wms_scan_events,dt=2025-02-22,4,2649,120641
wms_scan_events,dt=2025-02-23,4,2671,121399
wms_scan_events,dt=2025-02-24,4,2684,121845
wms_scan_events,dt=2025-02-25,4,2700,122763
wms_scan_events,dt=2025-02-26,4,2725,123324
wms_scan_events,dt=2025-02-27,4,2675,121717
wms_scan_events,dt=2025-02-28,4,2739,123902
wms_scan_events,dt=2025-03-01,4,2667,121321
wms_scan_events,dt=2025-03-02,4,2711,122796
wms_scan_events,dt=2025-03-03,4,2696,122430
wms_scan_events,dt=2025-03-04,4,2686,122035
wms_scan_events,dt=2025-03-05,4,2770,124741
wms_scan_events,dt=2025-03-06,4,2686,121987
wms_scan_events,dt=2025-03-07,4,2679,121735
wms_scan_events,dt=2025-03-08,4,2836,126943
wms_scan_events,dt=2025-03-09,4,2709,122754
wms_scan_events,dt=2025-03-10,4,2768,124648
wms_scan_events,dt=2025-03-11,4,2856,127594
wms_scan_events,dt=2025-03-12,4,2754,123948
wms_scan_events,dt=2025-03-13,4,2760,124230
wms_scan_events,dt=2025-03-14,4,2726,123169
wms_scan_events,dt=2025-03-15,4,2771,124670
wms_scan_events,dt=2025-03-16,4,2815,126379
wms_scan_events,dt=2025-03-17,4,2716,123074
wms_scan_events,dt=2025-03-18,4,2732,123412
wms_scan_events,dt=2025-03-19,4,2784,125253
wms_scan_events,dt=2025-03-20,4,2770,124795
wms_scan_events,dt=2025-03-21,4,2762,124403
wms_scan_events,dt=2025-03-22,4,2729,123378
wms_scan_events,dt=2025-03-23,4,2756,124284
wms_scan_events,dt=2025-03-24,4,2678,121681
wms_scan_events,dt=2025-03-25,4,2819,126536
wms_scan_events,dt=2025-03-26,4,2782,125169
wms_scan_events,dt=2025-03-27,4,2680,121686
wms_scan_events,dt=2025-03-28,4,2762,124533
wms_scan_events,dt=2025-03-29,4,2733,123701
wms_scan_events,dt=2025-03-30,4,2787,125130
wms_scan_events,dt=2025-03-31,4,2673,121542
wms_scan_events,dt=2025-04-01,4,2762,124441
wms_scan_events,dt=2025-04-02,4,2717,123020
wms_scan_events,dt=2025-04-03,4,2746,123951
wms_scan_events,dt=2025-04-04,4,2650,120715
wms_scan_events,dt=2025-04-05,4,2681,121846
wms_scan_events,dt=2025-04-06,4,2718,122984
wms_scan_events,dt=2025-04-07,4,2698,122378
wms_scan_events,dt=2025-04-08,4,2706,122850
wms_scan_events,dt=2025-04-09,4,2745,123883
wms_scan_events,dt=2025-04-10,4,2711,122736
wms_scan_events,dt=2025-04-11,4,2647,120577
wms_scan_events,dt=2025-04-12,4,2786,125178
wms_scan_events,dt=2025-04-13,4,2760,124423
wms_scan_events,dt=2025-04-14,4,2635,120408
wms_scan_events,dt=2025-04-15,4,2732,123326
wms_scan_events,dt=2025-04-16,4,2745,123839
wms_scan_events,dt=2025-04-17,4,2735,123651
wms_scan_events,dt=2025-04-18,4,2611,119604
wms_scan_events,dt=2025-04-19,4,2720,123099
wms_scan_events,dt=2025-04-20,4,2731,123744
wms_scan_events,dt=2025-04-21,4,2748,124058
wms_scan_events,dt=2025-04-22,4,2706,122401
wms_scan_events,dt=2025-04-23,4,2681,121889
wms_scan_events,dt=2025-04-24,4,2696,122256
wms_scan_events,dt=2025-04-25,4,2758,124178
wms_scan_events,dt=2025-04-26,4,2724,123146
wms_scan_events,dt=2025-04-27,4,2668,121307
wms_scan_events,dt=2025-04-28,4,2834,126677
wms_scan_events,dt=2025-04-29,4,2749,123978
wms_scan_events,dt=2025-04-30,4,2796,125588
wms_scan_events,dt=2025-05-01,4,2739,123537
wms_scan_events,dt=2025-05-02,4,2739,123666
wms_scan_events,dt=2025-05-03,4,2701,122475
wms_scan_events,dt=2025-05-04,4,2754,124224
wms_scan_events,dt=2025-05-05,4,2760,124392
wms_scan_events,dt=2025-05-06,4,2873,127886
wms_scan_events,dt=2025-05-07,4,2779,124996
wms_scan_events,dt=2025-05-08,4,2844,127276
wms_scan_events,dt=2025-05-09,4,2691,122328
wms_scan_events,dt=2025-05-10,4,2631,120322
wms_scan_events,dt=2025-05-11,4,2736,123799
wms_scan_events,dt=2025-05-12,4,2701,122468
wms_scan_events,dt=2025-05-13,4,2677,121795
wms_scan_events,dt=2025-05-14,4,2701,122638
wms_scan_events,dt=2025-05-15,4,2712,122815
wms_scan_events,dt=2025-05-16,4,2799,126049
wms_scan_events,dt=2025-05-17,4,2760,124285
wms_scan_events,dt=2025-05-18,4,2729,123380
wms_scan_events,dt=2025-05-19,4,2684,121883
wms_scan_events,dt=2025-05-20,4,2725,123253
wms_scan_events,dt=2025-05-21,4,2679,121984
wms_scan_events,dt=2025-05-22,4,2828,126695
wms_scan_events,dt=2025-05-23,4,2791,125524
wms_scan_events,dt=2025-05-24,4,2722,123097
wms_scan_events,dt=2025-05-25,4,2789,125427
wms_scan_events,dt=2025-05-26,4,2713,122903
wms_scan_events,dt=2025-05-27,4,2834,126600
wms_scan_events,dt=2025-05-28,4,2805,125905
wms_scan_events,dt=2025-05-29,4,2650,120731
wms_scan_events,dt=2025-05-30,4,2708,122699
wms_scan_events,dt=2025-05-31,4,2725,123234
wms_scan_events,dt=2025-06-01,4,2723,123136
wms_scan_events,dt=2025-06-02,4,2741,123841
wms_scan_events,dt=2025-06-03,4,2704,122466
wms_scan_events,dt=2025-06-04,4,2754,124216
wms_scan_events,dt=2025-06-05,4,2693,122127
wms_scan_events,dt=2025-06-06,4,2699,122474
wms_scan_events,dt=2025-06-07,4,2684,121762
wms_scan_events,dt=2025-06-08,4,2646,120630
wms_scan_events,dt=2025-06-09,4,2805,125995
wms_scan_events,dt=2025-06-10,4,2759,124296
wms_scan_events,dt=2025-06-11,4,2745,123930
wms_scan_events,dt=2025-06-12,4,2688,122063
wms_scan_events,dt=2025-06-13,4,2721,123010
wms_scan_events,dt=2025-06-14,4,2725,123296
wms_scan_events,dt=2025-06-15,4,2622,119930
wms_scan_events,dt=2025-06-16,4,2721,123063
wms_scan_events,dt=2025-06-17,4,2808,126255
wms_scan_events,dt=2025-06-18,4,2814,126214
wms_scan_events,dt=2025-06-19,4,2671,121297
wms_scan_events,dt=2025-06-20,4,2777,124906
wms_scan_events,dt=2025-06-21,4,2714,122998
wms_scan_events,dt=2025-06-22,4,2835,126928
wms_scan_events,dt=2025-06-23,4,2690,122031
wms_scan_events,dt=2025-06-24,4,2744,123886
wms_scan_events,dt=2025-06-25,4,2777,124972
wms_scan_events,dt=2025-06-26,4,2723,123228
wms_scan_events,dt=2025-06-27,4,2701,122467
wms_scan_events,dt=2025-06-28,4,2817,126398
wms_scan_events,dt=2025-06-29,4,2617,119844
wms_scan_events,dt=2025-06-30,4,2689,122040
wms_scan_events,dt=2025-07-01,4,2779,124954
wms_scan_events,dt=2025-07-02,4,2798,125543
wms_scan_events,dt=2025-07-03,4,2641,120458
wms_scan_events,dt=2025-07-04,4,2740,123742
wms_scan_events,dt=2025-07-05,4,2701,122500
wms_scan_events,dt=2025-07-06,4,2787,125236
wms_scan_events,dt=2025-07-07,4,2731,123298
wms_scan_events,dt=2025-07-08,4,2663,121184
wms_scan_events,dt=2025-07-09,4,2860,127624
wms_scan_events,dt=2025-07-10,4,2692,122163
wms_scan_events,dt=2025-07-11,4,2799,125781
wms_scan_events,dt=2025-07-12,4,2759,124309
wms_scan_events,dt=2025-07-13,4,2775,124950
wms_scan_events,dt=2025-07-14,4,2649,120557
wms_scan_events,dt=2025-07-15,4,2685,121864
wms_scan_events,dt=2025-07-16,4,2674,121447
wms_scan_events,dt=2025-07-17,4,2799,125715
wms_scan_events,dt=2025-07-18,4,2721,122987
wms_scan_events,dt=2025-07-19,4,2684,121845
wms_scan_events,dt=2025-07-20,4,2751,124168
wms_scan_events,dt=2025-07-21,4,2855,127555
wms_scan_events,dt=2025-07-22,4,2781,125151
wms_scan_events,dt=2025-07-23,4,2766,124481
wms_scan_events,dt=2025-07-24,4,2755,124284
wms_scan_events,dt=2025-07-25,4,2704,122653
wms_scan_events,dt=2025-07-26,4,2808,125938
wms_scan_events,dt=2025-07-27,4,2812,125965
wms_scan_events,dt=2025-07-28,4,2700,122364
wms_scan_events,dt=2025-07-29,4,2733,123429
wms_scan_events,dt=2025-07-30,4,2800,125775
wms_scan_events,dt=2025-07-31,4,2738,123652
wms_scan_events,dt=2025-08-01,4,2697,122472
wms_scan_events,dt=2025-08-02,4,2809,125825
wms_scan_events,dt=2025-08-03,4,2736,123616
wms_scan_events,dt=2025-08-04,4,2724,123303
wms_scan_events,dt=2025-08-05,4,2676,121532
wms_scan_events,dt=2025-08-06,4,2776,125139
wms_scan_events,dt=2025-08-07,4,2729,123354
wms_scan_events,dt=2025-08-08,4,2835,126968
wms_scan_events,dt=2025-08-09,4,2779,125161
wms_scan_events,dt=2025-08-10,4,2797,125481
wms_scan_events,dt=2025-08-11,4,2644,120529
wms_scan_events,dt=2025-08-12,4,2717,123058
wms_scan_events,dt=2025-08-13,4,2722,123038
wms_scan_events,dt=2025-08-14,4,2654,121102
wms_scan_events,dt=2025-08-15,4,2798,125481
wms_scan_events,dt=2025-08-16,4,2654,120887
wms_scan_events,dt=2025-08-17,4,2885,128281
wms_scan_events,dt=2025-08-18,4,2760,124508
wms_scan_events,dt=2025-08-19,4,2719,123046
wms_scan_events,dt=2025-08-20,4,2829,126704
wms_scan_events,dt=2025-08-21,4,2702,122646
wms_scan_events,dt=2025-08-22,4,2843,127111
wms_scan_events,dt=2025-08-23,4,2663,121234
wms_scan_events,dt=2025-08-24,4,2849,127199
wms_scan_events,dt=2025-08-25,4,2729,123424
wms_scan_events,dt=2025-08-26,4,2700,122336
wms_scan_events,dt=2025-08-27,4,2815,126250
wms_scan_events,dt=2025-08-28,4,2755,124110
wms_scan_events,dt=2025-08-29,4,2732,123394
wms_scan_events,dt=2025-08-30,4,2786,125234
wms_scan_events,dt=2025-08-31,4,2702,122408
wms_scan_events,dt=2025-09-01,4,2860,127722
wms_scan_events,dt=2025-09-02,4,2802,125583
wms_scan_events,dt=2025-09-03,4,2718,123203
wms_scan_events,dt=2025-09-04,4,2760,124368
wms_scan_events,dt=2025-09-05,4,2715,122981
wms_scan_events,dt=2025-09-06,4,2644,120576
wms_scan_events,dt=2025-09-07,4,2760,124495
wms_scan_events,dt=2025-09-08,4,2673,121412
wms_scan_events,dt=2025-09-09,4,2659,120916
wms_scan_events,dt=2025-09-10,4,2733,123616
wms_scan_events,dt=2025-09-11,4,2736,123425
wms_scan_events,dt=2025-09-12,4,2769,124769
wms_scan_events,dt=2025-09-13,4,2713,122893
wms_scan_events,dt=2025-09-14,4,2703,122550
wms_scan_events,dt=2025-09-15,4,2829,126781
wms_scan_events,dt=2025-09-16,4,2810,126156
wms_scan_events,dt=2025-09-17,4,2716,122938
wms_scan_events,dt=2025-09-18,4,2842,127368
wms_scan_events,dt=2025-09-19,4,2689,121923
wms_scan_events,dt=2025-09-20,4,2814,126359
wms_scan_events,dt=2025-09-21,4,2718,123143
wms_scan_events,dt=2025-09-22,4,2760,124308
wms_scan_events,dt=2025-09-23,4,2829,126621
wms_scan_events,dt=2025-09-24,4,2593,118874
wms_scan_events,dt=2025-09-25,4,2598,118915
wms_scan_events,dt=2025-09-26,4,2687,121928
wms_scan_events,dt=2025-09-27,4,2816,126480
wms_scan_events,dt=2025-09-28,4,2699,122166
wms_scan_events,dt=2025-09-29,4,2739,123838
wms_scan_events,dt=2025-09-30,4,2759,124434
wms_scan_events,dt=2025-10-01,4,2659,121026
wms_scan_events,dt=2025-10-02,4,2705,122613
wms_scan_events,dt=2025-10-03,4,2743,123658
wms_scan_events,dt=2025-10-04,4,2763,124523
wms_scan_events,dt=2025-10-05,4,2641,120404
wms_scan_events,dt=2025-10-06,4,2734,123572
wms_scan_events,dt=2025-10-07,4,2710,122750
wms_scan_events,dt=2025-10-08,4,2708,122710
wms_scan_events,dt=2025-10-09,4,2707,122592
wms_scan_events,dt=2025-10-10,4,2813,125984
wms_scan_events,dt=2025-10-11,4,2836,127113
wms_scan_events,dt=2025-10-12,4,2663,121186
wms_scan_events,dt=2025-10-13,4,2816,126195
wms_scan_events,dt=2025-10-14,4,2767,124543
wms_scan_events,dt=2025-10-15,4,2745,123937
wms_scan_events,dt=2025-10-16,4,2747,123857
wms_scan_events,dt=2025-10-17,4,2679,121682
wms_scan_events,dt=2025-10-18,4,2832,126705
wms_scan_events,dt=2025-10-19,4,2713,122743
wms_scan_events,dt=2025-10-20,4,2706,122530
wms_scan_events,dt=2025-10-21,4,2730,123328
wms_scan_events,dt=2025-10-22,4,2712,122871
wms_scan_events,dt=2025-10-23,4,2757,124341
wms_scan_events,dt=2025-10-24,4,2784,125393
wms_scan_events,dt=2025-10-25,4,2752,124113
wms_scan_events,dt=2025-10-26,4,2733,123599
wms_scan_events,dt=2025-10-27,4,2789,125574
wms_scan_events,dt=2025-10-28,4,2659,121039
wms_scan_events,dt=2025-10-29,4,2718,123103
wms_scan_events,dt=2025-10-30,4,2661,121061
wms_scan_events,dt=2025-10-31,4,2695,122205
wms_scan_events,dt=2025-11-01,4,2768,124593
wms_scan_events,dt=2025-11-02,4,2788,125267
wms_scan_events,dt=2025-11-03,4,2720,123207
wms_scan_events,dt=2025-11-04,4,2743,123823
wms_scan_events,dt=2025-11-05,4,2738,123793
wms_scan_events,dt=2025-11-06,4,2717,123012
wms_scan_events,dt=2025-11-07,4,2776,125143
wms_scan_events,dt=2025-11-08,4,2800,125753
wms_scan_events,dt=2025-11-09,4,2738,123570
wms_scan_events,dt=2025-11-10,4,2715,122827
wms_scan_events,dt=2025-11-11,4,2678,121738
wms_scan_events,dt=2025-11-12,4,2828,126787
wms_scan_events,dt=2025-11-13,4,2785,125347
wms_scan_events,dt=2025-11-14,4,2669,121475
wms_scan_events,dt=2025-11-15,4,2700,122453
wms_scan_events,dt=2025-11-16,4,2733,123606
wms_scan_events,dt=2025-11-17,4,2667,121262
wms_scan_events,dt=2025-11-18,4,2813,126335
wms_scan_events,dt=2025-11-19,4,2757,124242
wms_scan_events,dt=2025-11-20,4,2642,120674
wms_scan_events,dt=2025-11-21,4,2657,121015
wms_scan_events,dt=2025-11-22,4,2720,123027
wms_scan_events,dt=2025-11-23,4,2738,123708
wms_scan_events,dt=2025-11-24,4,2800,125763
wms_scan_events,dt=2025-11-25,4,2791,125331
wms_scan_events,dt=2025-11-26,4,2748,124103
wms_scan_events,dt=2025-11-27,4,2780,125055
wms_scan_events,dt=2025-11-28,4,2685,121956
wms_scan_events,dt=2025-11-29,4,2725,123056
wms_scan_events,dt=2025-11-30,4,2756,124171
wms_scan_events,dt=2025-12-01,4,2807,126213
wms_scan_events,dt=2025-12-02,4,2767,124894
wms_scan_events,dt=2025-12-03,4,2800,125967
wms_scan_events,dt=2025-12-04,4,2826,126553
wms_scan_events,dt=2025-12-05,4,2664,121263
wms_scan_events,dt=2025-12-06,4,2738,123646
wms_scan_events,dt=2025-12-07,4,2771,124397
wms_scan_events,dt=2025-12-08,4,2804,125904
wms_scan_events,dt=2025-12-09,4,2729,123538
wms_scan_events,dt=2025-12-10,4,2690,122021
wms_scan_events,dt=2025-12-11,4,2750,124279
wms_scan_events,dt=2025-12-12,4,2669,121328
wms_scan_events,dt=2025-12-13,4,2681,121753
wms_scan_events,dt=2025-12-14,4,2702,122285
wms_scan_events,dt=2025-12-15,4,2837,127011
wms_scan_events,dt=2025-12-16,4,2726,123217
wms_scan_events,dt=2025-12-17,4,2740,123777
wms_scan_events,dt=2025-12-18,4,2666,121487
wms_scan_events,dt=2025-12-19,4,2736,123486
wms_scan_events,dt=2025-12-20,4,2732,123379
wms_scan_events,dt=2025-12-21,4,2733,123554
wms_scan_events,dt=2025-12-22,4,2819,126204
wms_scan_events,dt=2025-12-23,4,2833,126833
wms_scan_events,dt=2025-12-24,4,2704,122531
wms_scan_events,dt=2025-12-25,4,2762,124465
wms_scan_events,dt=2025-12-26,4,2677,121555
wms_scan_events,dt=2025-12-27,4,2764,124516
wms_scan_events,dt=2025-12-28,4,2768,124646
wms_scan_events,dt=2025-12-29,4,2808,125997
wms_scan_events,dt=2025-12-30,4,2744,123982
wms_scan_events,dt=2025-12-31,4,2694,122346
wms_scan_events,dt=2026-01-01,4,2681,121828
wms_scan_events,dt=2026-01-02,4,2689,121927
wms_scan_events,dt=2026-01-03,4,2757,124311
wms_scan_events,dt=2026-01-04,4,2719,123094
wms_scan_events,dt=2026-01-05,4,2741,123664
wms_scan_events,dt=2026-01-06,4,2798,125563
wms_scan_events,dt=2026-01-07,4,2696,122218
wms_scan_events,dt=2026-01-08,4,2694,122408
wms_scan_events,dt=2026-01-09,4,2825,126495
wms_scan_events,dt=2026-01-10,4,2694,122238
wms_scan_events,dt=2026-01-11,4,2882,128496
wms_scan_events,dt=2026-01-12,4,2800,125749
wms_scan_events,dt=2026-01-13,4,2789,125336
wms_scan_events,dt=2026-01-14,4,2728,123274
wms_scan_events,dt=2026-01-15,4,2758,124280
wms_scan_events,dt=2026-01-16,4,2772,124786
wms_scan_events,dt=2026-01-17,4,2726,123314
wms_scan_events,dt=2026-01-18,4,2667,121221
wms_scan_events,dt=2026-01-19,4,2748,123916
wms_scan_events,dt=2026-01-20,4,2758,124573
wms_scan_events,dt=2026-01-21,4,2706,122592
wms_scan_events,dt=2026-01-22,4,2844,127199
wms_scan_events,dt=2026-01-23,4,2733,123645
wms_scan_events,dt=2026-01-24,4,2704,122738
wms_scan_events,dt=2026-01-25,4,2809,126189
wms_scan_events,dt=2026-01-26,4,2776,124787
wms_scan_events,dt=2026-01-27,4,2760,124437
wms_scan_events,dt=2026-01-28,4,2633,120338
wms_scan_events,dt=2026-01-29,4,2704,122481
wms_scan_events,dt=2026-01-30,4,2704,122578
wms_scan_events,dt=2026-01-31,4,2688,121911
wms_scan_events,dt=2026-02-01,4,2676,121573
wms_scan_events,dt=2026-02-02,4,2826,126467
wms_scan_events,dt=2026-02-03,4,2849,127462
wms_scan_events,dt=2026-02-04,4,2702,122408
wms_scan_events,dt=2026-02-05,4,2624,119933
wms_scan_events,dt=2026-02-06,4,2751,124150
wms_scan_events,dt=2026-02-07,4,2795,125704
wms_scan_events,dt=2026-02-08,4,2750,123989
wms_scan_events,dt=2026-02-09,4,2646,120657
wms_scan_events,dt=2026-02-10,4,2688,121851
wms_scan_events,dt=2026-02-11,4,2749,124207
wms_scan_events,dt=2026-02-12,4,2660,121214
wms_scan_events,dt=2026-02-13,4,2683,121895
wms_scan_events,dt=2026-02-14,4,2781,125157
wms_scan_events,dt=2026-02-15,4,2832,126773
wms_scan_events,dt=2026-02-16,4,2882,128323
wms_scan_events,dt=2026-02-17,4,2712,122764
wms_scan_events,dt=2026-02-18,4,2717,123028
wms_scan_events,dt=2026-02-19,4,2672,121534
wms_scan_events,dt=2026-02-20,4,2763,124657
wms_scan_events,dt=2026-02-21,4,2798,125620
wms_scan_events,dt=2026-02-22,4,2691,122325
wms_scan_events,dt=2026-02-23,4,2688,122214
wms_scan_events,dt=2026-02-24,4,2714,122696
wms_scan_events,dt=2026-02-25,4,2691,122193
wms_scan_events,dt=2026-02-26,4,2761,124604
wms_scan_events,dt=2026-02-27,4,2711,122721
wms_scan_events,dt=2026-02-28,4,2702,122423
wms_scan_events,dt=2026-03-01,4,2752,124225
wms_scan_events,dt=2026-03-02,4,2777,124964
wms_scan_events,dt=2026-03-03,4,2738,123680
wms_scan_events,dt=2026-03-04,4,2670,121406
wms_scan_events,dt=2026-03-05,4,2807,125869
wms_scan_events,dt=2026-03-06,4,2867,127861
wms_scan_events,dt=2026-03-07,4,2659,121109
wms_scan_events,dt=2026-03-08,4,2673,121574
wms_scan_events,dt=2026-03-09,4,2857,127731
wms_scan_events,dt=2026-03-10,4,2744,123911
wms_scan_events,dt=2026-03-11,4,2718,122949
wms_scan_events,dt=2026-03-12,4,2822,126630
wms_scan_events,dt=2026-03-13,4,2828,126797
wms_scan_events,dt=2026-03-14,4,2723,123279
wms_scan_events,dt=2026-03-15,4,2876,128044
wms_scan_events,dt=2026-03-16,4,2720,123193
wms_scan_events,dt=2026-03-17,4,2789,125346
wms_scan_events,dt=2026-03-18,4,2721,123201
wms_scan_events,dt=2026-03-19,4,2743,123831
wms_scan_events,dt=2026-03-20,4,2730,123279
wms_scan_events,dt=2026-03-21,4,2816,126246
wms_scan_events,dt=2026-03-22,4,2758,124304
wms_scan_events,dt=2026-03-23,4,2763,124280
wms_scan_events,dt=2026-03-24,4,2763,124513
wms_scan_events,dt=2026-03-25,4,2774,124905
wms_scan_events,dt=2026-03-26,4,2675,121507
wms_scan_events,dt=2026-03-27,4,2662,121233
wms_scan_events,dt=2026-03-28,4,2687,122031
wms_scan_events,dt=2026-03-29,4,2752,124156
wms_scan_events,dt=2026-03-30,4,2728,123468
wms_scan_events,dt=2026-03-31,4,2756,124414
wms_scan_events,dt=2026-04-01,4,2767,124435
wms_scan_events,dt=2026-04-02,4,2800,125737
wms_scan_events,dt=2026-04-03,4,2758,124342
wms_scan_events,dt=2026-04-04,4,2738,123828
wms_scan_events,dt=2026-04-05,4,2749,124205
wms_scan_events,dt=2026-04-06,4,2817,126323
wms_scan_events,dt=2026-04-07,4,2610,119336
wms_scan_events,dt=2026-04-08,4,2756,124307
wms_scan_events,dt=2026-04-09,4,2746,123897
wms_scan_events,dt=2026-04-10,4,2662,121036
wms_scan_events,dt=2026-04-11,4,2774,124997
wms_scan_events,dt=2026-04-12,4,2788,125225
wms_scan_events,dt=2026-04-13,4,2800,125801
wms_scan_events,dt=2026-04-14,4,2718,122926
wms_scan_events,dt=2026-04-15,4,2761,124381
wms_scan_events,dt=2026-04-16,4,2775,124977
wms_scan_events,dt=2026-04-17,4,2761,124313
wms_scan_events,dt=2026-04-18,4,2755,124289
wms_scan_events,dt=2026-04-19,4,2717,123174
wms_scan_events,dt=2026-04-20,4,2647,120719
wms_scan_events,dt=2026-04-21,4,2768,124603
wms_scan_events,dt=2026-04-22,4,2671,121320
wms_scan_events,dt=2026-04-23,4,2763,124563
wms_scan_events,dt=2026-04-24,4,2818,126216
wms_scan_events,dt=2026-04-25,4,2779,124976
wms_scan_events,dt=2026-04-26,4,2641,120448
wms_scan_events,dt=2026-04-27,4,2659,121173
wms_scan_events,dt=2026-04-28,4,2763,124308
wms_scan_events,dt=2026-04-29,4,2781,125188
wms_scan_events,dt=2026-04-30,4,2832,126910
wms_scan_events,dt=2026-05-01,4,2724,123132
wms_scan_events,dt=2026-05-02,4,2766,124736
wms_scan_events,dt=2026-05-03,4,2796,125514
wms_scan_events,dt=2026-05-04,4,2666,121463
wms_scan_events,dt=2026-05-05,4,2826,126698
wms_scan_events,dt=2026-05-06,4,2694,122236
wms_scan_events,dt=2026-05-07,4,2665,121178
wms_scan_events,dt=2026-05-08,4,2749,124168
wms_scan_events,dt=2026-05-09,4,2740,123649
wms_scan_events,dt=2026-05-10,4,2725,123343
wms_scan_events,dt=2026-05-11,4,2703,122532
wms_scan_events,dt=2026-05-12,4,2730,123252
wms_scan_events,dt=2026-05-13,4,2747,123990
wms_scan_events,dt=2026-05-14,4,2753,124092
wms_scan_events,dt=2026-05-15,4,2672,121433
wms_scan_events,dt=2026-05-16,4,2719,123110
wms_scan_events,dt=2026-05-17,4,2736,123594
wms_scan_events,dt=2026-05-18,4,2762,124304
wms_scan_events,dt=2026-05-19,4,2725,123099
wms_scan_events,dt=2026-05-20,4,2726,123285
wms_scan_events,dt=2026-05-21,4,2749,124033
wms_scan_events,dt=2026-05-22,4,2773,124882
wms_scan_events,dt=2026-05-23,4,2812,126355
wms_scan_events,dt=2026-05-24,4,2767,124577
wms_scan_events,dt=2026-05-25,4,2749,123984
wms_scan_events,dt=2026-05-26,4,2753,124148
wms_scan_events,dt=2026-05-27,4,2800,125698
wms_scan_events,dt=2026-05-28,4,2838,127063
wms_scan_events,dt=2026-05-29,4,2741,123664
wms_scan_events,dt=2026-05-30,4,2761,124519
wms_scan_events,dt=2026-05-31,4,2637,120399
wms_scan_events,dt=2026-06-01,4,2722,123037
wms_scan_events,dt=2026-06-02,4,2639,120412
wms_scan_events,dt=2026-06-03,4,2798,125680
wms_scan_events,dt=2026-06-04,4,2779,124861
wms_scan_events,dt=2026-06-05,4,2718,123087
wms_scan_events,dt=2026-06-06,4,2719,123046
wms_scan_events,dt=2026-06-07,4,2713,122859
wms_scan_events,dt=2026-06-08,4,2715,122999
wms_scan_events,dt=2026-06-09,4,2642,120376
wms_scan_events,dt=2026-06-10,4,2700,122461
wms_scan_events,dt=2026-06-11,4,2733,123508
wms_scan_events,dt=2026-06-12,4,2755,124204
wms_scan_events,dt=2026-06-13,4,2794,125714
wms_scan_events,dt=2026-06-14,4,2743,123824
wms_scan_events,dt=2026-06-15,4,2830,126733
wms_scan_events,dt=2026-06-16,4,2700,122240
wms_scan_events,dt=2026-06-17,4,2795,125360
wms_scan_events,dt=2026-06-18,4,2697,122464
wms_scan_events,dt=2026-06-19,4,2801,125781
wms_scan_events,dt=2026-06-20,4,2725,123194
wms_scan_events,dt=2026-06-21,4,2765,124344
wms_scan_events,dt=2026-06-22,4,2769,124882
wms_scan_events,dt=2026-06-23,4,2705,122624
wms_scan_events,dt=2026-06-24,4,2759,124338
wms_scan_events,dt=2026-06-25,4,2792,125448
wms_scan_events,dt=2026-06-26,4,2706,122599
wms_scan_events,dt=2026-06-27,4,2830,126982
wms_scan_events,dt=2026-06-28,4,2884,128401
wms_scan_events,dt=2026-06-29,4,2685,121944
wms_scan_events,dt=2026-06-30,4,2752,124100
